cpf_mutuario;uf;municipio;endereco;cep
11113770571;PI;PICOS;TR TRAV PLANALTO 6;65971277
11614700267;RN;PARNAMIRIM;"TR TRAVESSA PLANALTO; 6";77323631
10120872530;SP;SAO BERNARDO DO CAMPO;"R TRAVESSA PALMAS; 0";14420813
10685744905;SP;FERRAZ DE VASCONCELOS;TR CASA 8;13270284
12103816602;RJ;RIO DE JANEIRO;"TR TRAVESSA PLANALTO; 0";78825164
10308737397;PR;CURITIBA;R RUA 6;82388871
11602543621;PA;ANANINDEUA;"TR PALMAS; 0";24095486
10018654750;MG;ALFENAS;"TR TRAVESSA PLANALTO ; 6";51470993
10514605854;MG;PATOS DE MINAS;"TR TRAVESSA PLANALTO; 0";69333170
11092154668;RN;CEARA-MIRIM;TR TRAVESSA PLANALTO 6;30877034
10545324734;SP;CAMPINAS;R RUA 3;60496865
10816644730;MG;PEDRO LEOPOLDO;R RUA 3;64756429
11978465790;SP;ARACATUBA;"TR TRAVESSA PLANALTO; 0";24413728
10097828246;RS;CANOAS;R RUA SANDRO FIALLA 4;15927339
11759173122;SP;ARACATUBA;R RUA 1;50561833
11847184104;PR;FAZENDA RIO GRANDE;R RUA 1;58039971
11239384066;MG;MANTENA;"TR RUA PALOTINA; 0";30578100
10372958317;SP;SOROCABA;"TR TRAVESSA PLANALTO; 6";69375548
11760331271;RS;ERECHIM;"TR TRAVESSA PLANALTO; 6";30900577
11265010998;AL;ARAPIRACA;"R AVENIDA SAO PAULO; 0";70315356
10386066687;GO;GOIAS;TR TRAV PLANALTO  6;86320557
10876840655;GO;GOIANIA;"TR TRAVESSA PLANALTO; 0";39976074
11267638884;SP;ARARAS;MUN RUA LEUCENA N 7;59188361
10607022507;RS;SAO LEOPOLDO;"TR TRAVESSA PLANALTO; 6";86517020
10796462826;SE;TOBIAS BARRETO;"R RUA MARANHAO; 0";73165724
10937439423;SC;CHAPECO;"TR TRAVESSA PLANALTO; 0";59466648
11984169959;GO;APARECIDA DE GOIANIA;"R RUA SALOMAO MIGUEL NASSER; 0";62306362
10733114743;SC;JAGUARUNA;TR RUA PALMAS 1;86073178
10442323043;PI;PARNAIBA;"TR TRAVESSA PLANALTO; 0";95833731
11195918300;RS;ERECHIM;"TR TRAVESSA PLANALTO; 0";16815185
11395873588;MG;BANDEIRA DO SUL;R RUA 6;16373981
11013835630;MT;SINOP;R RUA 6;58748261
11436000931;PR;CHOPINZINHO;R RUA 6;82451391
11422236164;PR;PATO BRANCO;"TR RUA PALMAS; 0";66290485
10745823011;MG;BURITIS;TR RUA 5;31382550
11715944334;PR;PARAISO DO NORTE;R RUA 5;48976078
10230177077;MG;ABAETE;TR TRAVESSA PLANALTO 6;53030438
10786159418;SP;SAO JOSE DO RIO PRETO;TR TRAVESSA PALOTINA  CASA 1;77628778
10750642511;MT;CUIABA;TR TRAVESSA PLANALTO 6;21546838
11065049755;PA;ANANINDEUA;R RUA 5;33646182
11094784606;RJ;RIO DE JANEIRO;"TR RUA PALMAS; 0";66768893
11670694608;RS;ERECHIM;TR TRAVESSA PLANALTO 6;63249583
10876148492;MT;BARRA DO GARCAS;"TR TRAVESSA PALMAS; 0";54314269
11880506718;RJ;CAMPOS DOS GOYTACAZES;"TR RUA PALMAS; 1";70227793
11259560143;SP;GARCA;"R RUA MARANHAO; 0";79442864
12104229932;PR;ROLANDIA;"R RUA MARANHAO; 0";20728843
12060837925;PR;GUARACI;"R RUA MINAS GERAIS; 0";55714995
11350607724;PR;PEABIRU;R R SANDRO FIALLA 4;64559068
10214461646;MG;PASSOS;TR TRAVESSA PLANALTO 6;14137001
11994601369;AL;MARECHAL DEODORO;"TR TRAVESSA PLANALTO; 0";83413906
10176547572;PE;PAULISTA;"R ARI NAZARE NEVES DA SILVA; 0";65056094
11723487720;PE;BELO JARDIM;"TR TRAVESSA PLANALTO;6";57076276
10085548260;SP;SUMARE;"TR RUA PALMAS; 0";71314909
11920692385;AL;MARECHAL DEODORO;R RUA 0;43302837
10192421830;GO;GOIANIA;R 1;31364195
12041127815;SE;ARACAJU;R RUA 1;50815932
10636152212;SP;JUNDIAI;R RUA 1;36347743
10481153132;PR;CASCAVEL;"R RUA PARAIBA; 4";76233250
10362779206;MG;UBERABA;"R R PARAIBA; 0";20145761
11887229250;SE;TOBIAS BARRETO;"R R PARAIBA; 0";58541024
10163768763;PA;ANANINDEUA;"R R PARAIBA; 0";40229985
10604868321;RS;BENTO GONCALVES;"R RUA BARCELONA COND RES. MAIORCA XXII; 0";63422523
12029749923;SE;TOBIAS BARRETO;"R RUA BARCELONA; 0";10723366
10470297601;RJ;RIO DE JANEIRO;"R RUA PARAIBA; 0";86048479
11596897232;SP;OURINHOS;R RUA VALENCIA N 1;60854039
11605780909;DF;BRASILIA;R RUA MAIORCA N 1;31968187
11615738965;MG;PATOS DE MINAS;"R RUA PARAIBA; 0";44763668
11344961327;PR;SERTANOPOLIS;"R RUA PARAIBA; 4";70023443
10379597313;PE;GLORIA DO GOITA;"R RUA RIO SOLIMOES; 0";72298552
11651986688;MT;CUIABA;"R RUA RIO SOLIMOES; 0";75950035
10606946049;PE;PAULISTA;R RUA 1;80980858
11410467485;RS;NOVO HAMBURGO;"R RUA MARANHAO; 0";50299146
11071714378;SP;VALINHOS;"R RUA RIO DE JANEIRO; 0";76032020
10802566646;SE;PORTO DA FOLHA;"R RUA RIO DE JANEIRO; 0";30552818
10601657249;MT;CUIABA;"R RUA PARAIBA; 4";23421472
10012204173;BA;TEIXEIRA DE FREITAS;"R RUA RIO DE JANEIRO; 0";88727793
10350085359;SP;MARILIA;"R RUA RIO DE JANEIRO; 0";70073445
11604355785;RJ;MACAE;R R PARAIBA 4;48527637
11868980931;SE;ARACAJU;"R RUA DESEMBARGADOR JAMES PORTUGAL; 0";45091843
10147540659;SP;SAO PAULO;"R RUA MAIORCA; 0";77235821
10604170601;PR;PONTA GROSSA;"MUN R RIO PALMILAL; 0";63893263
10407701792;SP;CAMPINAS;"R R RIO DE JANEIRO; 0";25976791
12045145044;PA;ANANINDEUA;R GOVERNADOR MARIO COVAS N 2;26832853
10845908165;AM;PARINTINS;R GOVERNADOR MARIO COVAS N 2;61960193
10692241267;RO;PORTO VELHO;R RUA GOVERNADOR MARIO COVAS N 2;14004507
10375968670;PE;BELO JARDIM;R GOVERNADOR MARIO COVAS N2;27704173
11833200382;PR;CURITIBA;"R ANTONIO LEOPODINO BATISTA; 0";66388638
10867952088;PA;ANANINDEUA;"R ANTONIO LEOPODINO BATISTA; 0";44326896
12090325514;RS;IVOTI;R GOVERNADOR MARIO COVAS N 2;72614474
11129643163;SC;ITAJAI;"R GOV MARIO COVAS; 0";52917873
11280801490;GO;APARECIDA DE GOIANIA;"R RUA GOVERNADOR MARIO COVAS; 0";55336722
11837469595;SP;SAO PAULO;R GOVERNADOR MARIO COVAS N2;84851995
10608786610;SP;JUNDIAI;R GOVERNADOR MARIO COVAS N2;11234974
10863220543;RJ;RIO DE JANEIRO;"R RUA GOVERNADOR MARIOSCOVAS; 0";86935543
10874722469;SP;CAMPINAS;R RUA GOVERNADOR MARIO COVAS N2;63319317
11091907414;SE;ARACAJU;R RUA GOVERNADOR MARIO COVAS N2;32670251
11717744007;SP;RIBEIRAO PRETO;"R RUA FUNCION RIO PEDRO ALVES DA SILVA N; 0";40535329
10479498058;MG;UBERABA;"AV AVENIDA NATAL; 0";22394278
11515702400;PR;LONDRINA;"ARG RUA NOVA JERUSALEM; NR. 2";87359076
11254218204;PE;BELO JARDIM;R JOAQUIM PATRICIO DE SOUZA N 2;56738458
12000299782;SP;FERRAZ DE VASCONCELOS;R GOVERNADOR MARIO COVAS 2;49777127
10577705232;BA;SALVADOR;R GOVERNADOR MARIO COVAS N 2;18637281
11798413258;MT;JUINA;R GOVERNADOR MARIO COVAS N 2;28176349
11688317947;SP;JUNDIAI;R GOVERNADOR MARIO COVAS APTO 3;75564891
11525865982;SC;CHAPECO;R GOVERNADOR MARIO COVAS N 2;56875140
10961002255;PR;CURITIBA;"R R JOSE BEZERRA FALCAO; 0";66184641
10560936927;RS;FREDERICO WESTPHALEN;R GOVERNADOR MARIO COVAS N 2;64997729
10848342391;RJ;NILOPOLIS;R GOVERNADOR MARIO COVAS N 2;19111728
12141241254;CE;FORTALEZA;R RUA CAETANO FIGUEIREDO N1;58651097
10804226295;SP;SOROCABA;"R R GENTIL RODRIGUES DA SILVA; 0";16446365
10309850189;RS;BENTO GONCALVES;R GENTIL RODRIGUES DA SILVA N 2;96347265
10965230431;SE;ARACAJU;"R R GOVERNADOR MARIO COVAS; 0";66053511
10224904716;GO;ANAPOLIS;"R R. PROFESSORA LUIZA DANTAS MEDEIROS; 5";12294705
11639506048;PI;PARNAIBA;R GOVERNADOR MARIO COVAS N 2;67580656
10498717395;CE;FORTALEZA;R GOVERNADOR MARIO COVAS N 2;43826465
11312653922;SP;SALTO;"R GOVERNADOR MARIO COVAS; 0";80426798
10789357496;BA;SALVADOR;R GOVERNADOR MARIO COVAS N 2;24629872
10925499018;PR;LONDRINA;"R R GOVERNADOR MARIO COVAS; 0";49862096
11260891294;MT;CUIABA;"R R GOVERNADOR MARIO COVAS; 0";69884862
11329183127;RS;PELOTAS;"R GENTIL RODRIGUES DA SILVA; 0";51010754
11585748013;MG;ANDRADAS;R GOVERNADOR MARIO COVAS N 2;92905752
11014153941;SP;GUARULHOS;"R RUA GENTIL RODRIGUES DA SILVA; 0";86326943
11400073926;RS;CANOAS;R GENTIL RODRIGUES DA SILVA N 2;98830614
10126513964;SP;GUARULHOS;R GOVERNADOR MARIO COVAS N 2;99736708
10896582833;GO;GOIANIA;R GOVERNADOR MARIO COVAS N 2;57279358
11762133999;SC;ITAJAI;"R GENTIL RODRIGUES DA SILVA; 0";47520764
10506804898;PR;ARAUCARIA;"R GOVERNADOR MARIO COVAS; 0";46529351
10751585309;SC;SAO JOSE;R GOVERNADOR MARIO COVAS N 2;15263265
11339781092;RN;SAO FRANCISCO DO OESTE;"R R GENTIL RPDRIGUES DA SILVA; 0";61382543
11730579310;GO;APARECIDA DE GOIANIA;"R RUA AGT ADMINIST LEONARDO CERQUEIR CAST; 0";71234585
11060660681;MG;BETIM;R GOVERNADOR MARIO COVAS N 2;47066662
10758959089;MG;RIBEIRAO DAS NEVES;R GOVERNADOR MARIO COVAS N 2;83282707
10003195973;SP;SAO JOSE DOS CAMPOS;"PCA TOSCANO PEREIRA DE SOUZA; 0";81394164
11571370694;SP;PRAIA GRANDE;"R R EVANGELICA MARIA V; FERREIRA DE AGUIA; 0";88442463
10235372296;PR;FAZENDA RIO GRANDE;"R R FRANCISCO DE VASCONCELLOS LEIT O APT; 0";95593518
11602605830;PI;PARNAIBA;PCA RUA JOAO ROQUE DA SILVA N 6;12767163
10923905561;PR;ARAUCARIA;PCA RUA JOAO ROQUE DA SILVA  APT 2;28116581
11733713135;PR;MARINGA;"R R CAPITAO NATALICIO EVANGELISTA DOS SAN; 0";37662210
11928615823;PR;MARIALVA;R GOVERNADOR MARIO COVAS 2;55112124
10894911824;SP;FERRAZ DE VASCONCELOS;R AV PERIMETRAL OESTE N 6;78767339
11061216341;SC;PALMITOS;"R RUA GERALDO FRANCISCO DOS SANTOS; 0";72478092
11440777043;MG;PASSOS;R RUA ABDIAS ABDON DE ARAUJO NR. 1;15940913
10545375180;SE;TOBIAS BARRETO;P RUA PROJETADA N 1;18556820
10051039697;SE;TOBIAS BARRETO;R RUA EUCLIDES NUNES MACHADO N 7;86888480
10521795743;SP;SAO JOSE DOS CAMPOS;R RUA CEC   LIA BENEDITO DA SILVA NR 1;58126687
11815123600;PR;FAZENDA RIO GRANDE;"R RUA MARIA MADALENA RAMALHO BANDEIRA; 0";69804451
11639768358;PA;CASTANHAL;"R RUA MARIA MADALENA RAMALHO BANDEIRA; 0";13095754
10486886134;GO;SANTO ANTONIO DO DESCOBERTO;"R RUA FRANCISCO RUFINO DOS SANTOS; 7";92833839
11430578304;SP;TANABI;UO RUA PROJETADA 0;59150679
11840642632;PB;JOAO PESSOA;UO RUA PROJETADA 0;10128101
10474004740;SP;SAO PAULO;D RUA PROJETADA N 7;56970442
10323631196;RO;PORTO VELHO;D RUA FREI CANECA 8;90569561
10407559009;SP;OLIMPIA;MUN LOTEA CIDADE DAS CRIANCAS N 3;84294217
10213719744;SP;FERRAZ DE VASCONCELOS;D RUA PROJETADA N 9;94648608
11779172439;PE;CARUARU;D RUA PROJETADA N 7;34861880
11488101509;RN;PARNAMIRIM;MUN RUA PROJETADA 0;38896434
10163534542;MG;SANTA LUZIA;R RUA PROJETADA N 2;53732831
12060953665;MG;UBERLANDIA;"MUN RUA PROJETADA; 0";57572545
10158307424;SP;SAO PAULO;"D RUA PROJETADA; 1";23667484
10865104713;MT;CUIABA;MUN RUA PROJETADA N 5;21220493
10815776022;PI;PARNAIBA;"R RUA EMPRESARIO OLAVO DOS  GUIMARAES WAN; 0";53229258
10784829940;SP;HORTOLANDIA;MUN RUA PROJETADA N 0;19889652
10852861823;GO;GOIANIA;R GOVERNADOR MARIO COVAS N 2;54684608
12028204057;DF;BRASILIA;D RUA PROJETADA 2;46039825
11367113294;AM;MANAUS;MUN RUA PROJETADA N 6;13045888
11842680671;SP;SAO PAULO;MUN RUA PROJETADA N 7;32499971
11987341920;SC;TUBARAO;MUN RUA PROJETADA N 7;90651543
11644689363;SP;BAURU;"MUN RUA PROJETADA; 0";86471214
11893715349;SP;PIRACICABA;D RUA PROJETADA 9;47258650
11122360542;CE;FORTALEZA;MUN RUA PROJETADA N 7;44582843
12053435582;RN;PARNAMIRIM;AV GOV ANTONIO MARIZ N 3;24065502
11640100175;MA;SAO JOSE DE RIBAMAR;"MUN RUA DAS PAPOULAS; 0";11760960
10541861041;BA;ITABUNA;"MUN RUA JO O SEBASTI O ROCHA; 3";63003141
10715892484;SP;BOTUCATU;"MUN RUA A RTON SENNA; 0";81576414
11142651922;SC;PALHOCA;"MUN RUA A RTON SENNA; 0";34917427
10083678906;PR;CURITIBA;"R JOSE RIBEIRO DE ALMEIDA; 0";47106688
12092790458;PR;ARAPONGAS;"R JOSE RIBEIRO DE ALMEIDA; 0";82700950
12066374258;SP;ARACATUBA;"MUN RUA ALICE ALVES VILELA; 0";89191141
10009621814;RO;PORTO VELHO;"MUN RUA DOS BEM-TE-VIS; 2";76305921
11886902898;SP;CAMPINAS;"R R EVANIO LABRE; 0";16981654
11174050245;RS;GARIBALDI;"R R EVANIO LABRE; 0";31974214
11984241978;MG;ESPERA FELIZ;MUN RUA JOSE ANTONIO DE SOUSA NR 1;75206017
10809929816;SC;GUATAMBU;MUN RUA DEZESSEIS NR 1;54259739
10997947496;CE;FORTALEZA;MUN RUA DEZESSEIS NR 1;90683041
10951389998;SP;ILHA SOLTEIRA;MUN RUA ALAIDE ANDRADE VILELA NR 1;39427818
11630644579;MA;PACO DO LUMIAR;"MUN RUA ANTONIO OSVALDO; 0";20056539
11555467336;SP;GUARULHOS;"MUN RUA ANTONIO OSVALDO; 0";93066718
11689356686;CE;JUAZEIRO DO NORTE;"MUN RUA FERNANDO DE ALMEIDA LIMA; 0";30751277
10085770726;PA;ANANINDEUA;"MUN RUA FERNANDO DE ALMEIDA LIMA; 0";10678931
10841542048;MG;UBERLANDIA;"MUN RUA DOIS;   5";77554384
11830499189;SE;ARACAJU;"MUN RUA FERNANDO DE ALMEIDA LIMA; N  2";31323010
11060245953;SP;ILHA SOLTEIRA;"MUN RUA FERNANDO DE ALMEIDA LIMA; N  2";32948429
12060419779;BA;SALVADOR;"MUN RUA JOSE CHAGAS DA FONSECA; 0";22901283
11370421431;GO;GOIANIA;"MUN RUA JOSE CHAGAS DA FONSECA; 0";79982471
11611695690;SP;MOGI GUACU;MUN RUA 3;62273855
11515687598;RJ;CAMPOS DOS GOYTACAZES;MUN RUA 3;77259734
10756212917;ES;COLATINA;MUN RUA 1;30405268
11661780473;MT;TANGARA DA SERRA;"MUN R; FERNANDO DE ALMEIDA LIMA N 3";34520456
10888173768;MG;UNAI;"MUN RUA DAS AC CIAS; LT 1";97145046
11095905591;SP;FRANCA;"MUN RUA DAS AC CIAS; LT 1";74391097
11324966877;RS;PELOTAS;"MUN RUA DAS ACACIAS; N 8";28824311
11111623347;MG;UBERLANDIA;"MUN RUA DAS ACACIAS; N 8";25314231
11859224587;AL;SATUBA;"MUN RUA JORGE RIBEIRO; 0";99569851
10970304959;GO;GOIANIA;"MUN IEZESSEIS; 0";48176406
10905298757;RS;SANTO CRISTO;"MUN IEZESSEIS; 0";45743733
10405433370;GO;VALPARAISO DE GOIAS;MUN RUA 0;40798083
10953193276;RN;CEARA-MIRIM;MUN RUA 0;58576134
11030278029;SC;SAO MIGUEL DO OESTE;"MUN NHA CHICA; 0";57670488
10035716108;SP;ASSIS;MUN RUA 3;70605622
12071430922;SP;GUARULHOS;"MUN RUA JOAQUIM TAIOBA; 0";17516553
10807402377;SP;MARILIA;"MUN RUA JOAQUIM TAIOBA; 0";94341994
10288842573;RN;MOSSORO;"R RUA RODOLFO ABREU; 1";47882712
11458481375;PR;CASCAVEL;R AV GERALDINO MARTINS DE BARROS LT 7;75775376
10349247380;SP;APARECIDA;R ANTONIO BORGES DE ARAUJO SN BLOCO 0;43900682
10985492464;SP;BURITIZAL;R ANTONIO BORGES DE ARAUJO SN BLOCO 0;42179270
10186522032;GO;AGUAS LINDAS DE GOIAS;"R ANTONIO BORGES DE ARAUJO; 0";32108321
11685664630;RJ;RIO DE JANEIRO;R RUA ANTONIO BORGES DE ARAUJO BLOCO 2;21629046
10089190818;MG;UBERLANDIA;"R RUA ANTONIO BORGES DE ARAUJO; 0";26927548
11796781845;SP;TAUBATE;"R ANTONIO BORGES DE ARAUJO; 0";92192615
11847686120;SP;JAU;R ANTONIO BORGES DE ARAUJO SN BLOCO 0;90637622
10290466578;SP;SUMARE;R RUA ANTONIO BORGES DE ARAUJO SN BLOCO 0;31359468
11985720926;SP;INDAIATUBA;R ANTONIO BORGES DE ARAUJO SN BLOCO 0;32499160
10197297022;PR;JACAREZINHO;R RUA ANTONIO BORGES DE ARAUJO SN BL 0;46808491
11680296932;MA;SAO LUIS;R RUA ANTONIO BORGES DE ARAUJO BLOCO 0;69279344
10930716632;MT;RONDONOPOLIS;R RUA ANTONIO BORGES DE ARAUJO SN BLOCO 0;50532668
11025672292;SP;GUARULHOS;R RUA ANTONIO BORGES DE ARAUJO SN BLOCO 0;37013782
11055355427;PR;SAO JOSE DOS PINHAIS;R RUA MARIA HELENA DE SOUSA SN BLOCO 0;36808832
11229154036;SP;JANDIRA;"R RUA ANTONIO BORGES DE ARAUJO; 0";77929670
11917897428;BA;FEIRA DE SANTANA;"R ANTONIO BORGES DE ARAUJO; 0";70469256
11250465526;PR;MARINGA;R RUA ANTONIO BORGES DE ARAUJO SN BLOCO 0;26433950
12115982297;SC;LAGES;"R ANTONIO BORGES DE ARAUJO; 0";29891881
12113740954;PR;MARINGA;R ANTONIO BORGES DE ARAUJO SN BLOCO 0;97946567
11073775370;AL;MACEIO;"R ANTONIO BORGES DE ARAUJO; 0";69247557
10801966592;PR;CAMPO LARGO;R RUA ANTONIO BORGES DE ARAUJO SN BLC 2;20266290
11095210237;BA;JUAZEIRO;R RUA ANTONIO BORGES DE ARAUJO SN BLC 2;87515306
11800025575;SC;TAIO;R RUA ANTONIO BORGES DE ARAUJO BLOCO 1;35749909
11647788908;SP;GUARULHOS;R ANTONIO BORGES DE ARAUJO SN BLOCO 0;10268163
12030989355;GO;VALPARAISO DE GOIAS;R RUA ANTONIO BORGES DE ARAUJO 4;21102263
11133291155;SP;JUNDIAI;"R RUA ANTONIO BORGES DE ARAUJO; 0";52895319
10637393971;SC;ITAJAI;R ANTONIO BORGES DE ARAUJO SN BLOCO 0;39366061
11207473482;AC;RIO BRANCO;"R ANTONIO BORGES DE ARAUJO; 0";99802806
10613948488;SP;SUMARE;R RUA ANTONIO BORGES DE ARAUJO BLOCO 0;63053029
10412359431;RS;IJUI;R RUA ELTON POLVEIRO 9;38459056
10906332672;RS;PORTO ALEGRE;R RUA ANTONIO BORGES DE ARAUJO SN BLOCO 0;96810659
11748999647;SC;APIUNA;R RUA ANTONIO BORGES DE ARAUJO SN BLOCO 0;10184161
10847649571;GO;SANTO ANTONIO DO DESCOBERTO;R ANTONIO BORGES DE ARAUJO SN BLOCO 0;32468528
11553787014;PR;SAO JOSE DOS PINHAIS;"R ANTONIO BORGES DE ARAUJO; 0";47705720
12057155627;PR;FAZENDA RIO GRANDE;R ANTONIO BORGES DE ARAUJO SN BLOCO 0;42669913
10716511375;BA;FEIRA DE SANTANA;R ANTONIO BORGES DE ARAUJO SN BLOCO 0;67419557
10826532095;PR;LOBATO;"R RUA ANTONIO BORGES ARAUJO; 0";78134917
10329981803;SC;GASPAR;R RUA ANTONIO BORGES DE ARAUJO 4;13806099
11490754927;SP;RIBEIRAO PRETO;R RUA AVENIR  GUARATO 4;77889968
11681744095;MA;TRIZIDELA DO VALE;R ANTONIO BORGES DE ARAUJO SN BLOCO 0;62686492
10254485884;BA;TEIXEIRA DE FREITAS;"R ANTONIO BORGES DE ARAUJO; 0";56419354
10506280354;PR;LOBATO;"R ANTONIO BORGES DE ARAUJO; 0";53150651
10588728534;MG;UBERLANDIA;"R R ANTONIO BORGES DE ARAUJO; 0";77513001
11648800144;RN;MOSSORO;"R R ANTONIO BORGES DE ARAUJO; 0";84371165
10570512239;SP;MOGI DAS CRUZES;"R RUA ANTONIO BORGES DE ARAUJO; 0";35591349
10838654482;RS;GRAVATAI;R ANTONIO BORGES DE ARAUJO SN BLOCO 0;76140329
11435145672;SP;ITANHAEM;"R RUA ANTONIO BORGES DE ARAUJO; 0";90715450
11946040076;PE;BREJO DA MADRE DE DEUS;R ANTONIO BORGES DE ARAUJO SN BLOCO 0;26536421
11323697918;PE;SANTA CRUZ DO CAPIBARIBE;R RUA ANTONIO BORGES DE ARAUJO 4;68564430
10643822802;MG;VARGINHA;R ANTONIO BORGES DE ARAUJO SN BLOCO 0;10143393
10780847634;MG;MONTES CLAROS;R RUA ANTONIO BORGES DE ARAUJO 4;73530605
11295270070;MS;CAMPO GRANDE;"R RUA ANTONIO BORGES DE ARAUJO; 0";41855927
10071909110;PE;JABOATAO DOS GUARARAPES;"R ANTONIO BORGES DE ARAUJO; 0";80194659
11013895564;SP;FRANCA;R RUA ANTONIO BORGES DE ARAUJO 4;85935178
11491290226;RS;ANTONIO PRADO;R RUA ANTONIO BORGES DE ARAUJO 4;27298907
10260972472;SE;SAO CRISTOVAO;R RUA ANTONIO BORGES DE ARAUJO 4;76538285
10170890018;SC;CHAPECO;R ANTONIO BORGES DE ARAUJO SN BLOCO 0;78084795
10765488733;MG;UBERLANDIA;R ANTONIO BORGES DE ARAUJO SN BLOCO 0;91689335
11587353149;SC;APIUNA;R ANTONIO BORGES DE ARAUJO SN BLOCO 0;39210231
10949369499;MG;TEOFILO OTONI;"R RUA ANTONIO BORGES DE ARAUJO; 0";82426772
11774940582;GO;GOIANIA;R RUA ANTONIO BORGES DE ARAUJO SN BLOCO 2;40493515
11497817787;RS;ALVORADA;"R ANTONIO BORGES DE ARAUJO; 0";91362880
11426298554;PR;ARAUCARIA;"R ANTONIO BORGES DE ARAUJO; 0";45516387
10269158692;PB;CAMPINA GRANDE;"R ANTONIO BORGES DE ARAUJO; 0";47622033
10806033432;RS;CACHOEIRINHA;"R RUA ANTONIO BORGES DE ARAUJO; 0";77883616
11883352334;MG;CARMO DO RIO CLARO;"R RUA ANTONIO BORGES DE ARAUJO; 0";35805088
10747532745;MG;BELO HORIZONTE;"R RUA ANTONIO BORGES DE ARAUJO ;S/N BLOCO; 0";15363815
10465558118;RS;CAXIAS DO SUL;R RUA ANTONIO BORGES DE ARAUJO SN BLC 1;35859407
11318699678;SP;JUNDIAI;R ANTONIO BORGES DE ARAUJO SN BLOCO 0;24948196
11046566842;RS;PORTO ALEGRE;R RUA ANTONIO BORGES DE ARAUJO BLC 2;40053954
10573771186;BA;FEIRA DE SANTANA;R RUA ANTONIO BORGES DE ARAUJO 4;11668577
10861000301;SP;PINDAMONHANGABA;R RUA ANTONIO BORGES DE ARAUJO SN BLC 2;62670394
10548951875;SP;ARACATUBA;"R RUA ANTONIO BORGES DE ARAUJO; 0";24671703
10698405171;MG;IGARAPE;"R RUA CARLOS TASSO RODRIGUES DA CUNHA; 0";52235748
11278787191;SP;MAUA;R ANTONIO BORGES DE ARAUJO SN BLOCO 0;88193013
12022751956;SP;FERRAZ DE VASCONCELOS;"R RUA CARLOS TASSO RODRIGUES DA CUNHA BLC; 0";46671502
11473158530;MG;VARGINHA;"R RUA CARLOS TASSO RODRIGUES DA CUNHA SN; 0";39181203
10755971293;MA;SAO JOSE DE RIBAMAR;"R CARLOS TASSO RODRIGUES DA CUNHA; 0";59045769
10531488045;SP;GUARULHOS;R RUA ANTONIO BORGES DE ARAUJO BLC 1;47384209
10718466638;SP;CARAPICUIBA;"R CARLOS TASSO RODRIGUES DA CUNHA SN BLOC; 0";60431700
11550720077;AL;SATUBA;"R CARLOS TASSO RODRIGUES DA CUNHA; 0";37399673
11572211998;MG;BELO HORIZONTE;"R CARLOS TASSO RODRIGUES DA CUNHA SN BLOC; 0";11903016
11780798892;SE;TOBIAS BARRETO;"R CARLOS TASSO RODRIGUES DA CUNHA SN BLOC; 0";12300565
10912919813;MA;SAO JOSE DE RIBAMAR;"R CARLOS TASSO RODRIGUES DA CUNHA; 0";99340292
10753016260;PA;ANANINDEUA;"R RUA CARLOS TASSO RODRIGUES DA CUNHA SN; 0";46012453
10064872803;RJ;MACAE;"R RUA CARLOS TASSO RODRIGUES DA CUNHA SN; 0";87065808
11409223601;SP;TATUI;R ANTONIO BORGES DE ARAUJO SN BLOCO 0;65090289
11245593474;SP;CAMPINAS;"R CARLOS TASSO RODRIGUES DA CUNHA SN BLOC; 0";34613451
11047500304;SP;SAO JOSE DO RIO PRETO;"R CARLOS TASSO RODRIGUES DA CUNHA; 0";84021607
10845142706;PA;BELEM;"R CARLOS TASSO RODRIGUES DA CUNHA; 0";20095472
10270563851;GO;AGUAS LINDAS DE GOIAS;"R CARLOS TASSO RODRIGUES DA CUNHA SN BLOC; 0";62563182
11266894514;RJ;RIO DE JANEIRO;"R CARLOS TASSO RODRIGUES DA CUNHA SN BLOC; 0";58705409
10117947566;BA;LAURO DE FREITAS;"R RUA CARLOS TASSO RODRIGUES DA CUNHA; 0";29159902
10946446676;PE;RECIFE;"R RUA CARLOS TASSO RODRIGUES DA CUNHA; 0";48216846
11047648457;PR;PONTA GROSSA;"R RUA CARLOS TASSO RODRIGUES DA CUNHA; 0";76772652
10323407887;SP;SAO MANUEL;"R RUA CARLOS TASSO RODRIGUES DA CUNHA SN; 0";43065063
11310430949;BA;VITORIA DA CONQUISTA;"R CARLOS TASSO RODRIGUES DA CUNHA SN BLOC; 0";98047141
10851070374;RS;SAPUCAIA DO SUL;"R CARLOS TASSO RODRIGUES DA CUNHA SN BLOC; 0";16635468
10755017399;RS;PORTO ALEGRE;"R CARLOS TASSO RODRIGUES DA CUNHA; 0";12291042
10436566411;MT;BARRA DO GARCAS;"R CARLOS TASSO RODRIGUES DA CUNHA SN BLOC; 0";89536597
11100090698;RS;SAO LEOPOLDO;"R CARLOS TASSO RODRIGUES DA CUNHA; 0";97054399
10663418759;SP;GUARULHOS;"R RUA CARLOS TASSO RODRIGUES DA CUNHA; 0";30737198
11340503634;GO;GOIANIA;"R RUA CARLOS TASSO RODRIGUES DA CUNHA SN; 0";62155268
11234018995;ES;SERRA;"R RUA CARLOS TASSO RODRIGUES DA CUNHA SN; 0";86308419
10073089748;SP;CAMPINAS;"R CARLOS TASSO RODRIGUES DA CUNHA SN BLOC; 0";94682463
10852522160;SP;SOROCABA;"R CARLOS TASSO RODRIGUES DA CUNHA SN BLOC; 0";68978831
10240348350;RJ;RIO DE JANEIRO;"R CARLOS TASSO RODRIGUES DA CUNHA SN BLOC; 0";68851410
11289188617;RS;CARAZINHO;"R CARLOS TASSO RODRIGUES DA CUNHA; 0";42857376
11029275315;MG;BELO HORIZONTE;R RUA ANTONIO BORGES DE ARAUJO SN BLC 2;40456829
10048938694;SP;GUARULHOS;"R CARLOS TASSO RODRIGUES DA CUNHA SN BLOC; 0";63685862
10243089770;MA;SAO LUIS;"R RUA CARLOS TASSO RODRIGUES DA CUNHA SN; 0";12045625
10789405897;ES;CACHOEIRO DE ITAPEMIRIM;"R CARLOS TASSO RODRIGUES DA CUNHA; 0";94174645
11101150105;DF;BRASILIA;"R RUA CARLOS TASSO RODRIGUES DA CUNHA; S/; 0";89513818
10215309195;MA;SAO LUIS;"R RUA CARLOS TASSO RODRIGUES DA CUNHA SN; 0";95359635
11291218516;PB;JOAO PESSOA;"R CARLOS TASSO RODRIGUES DA CUNHA SN BLOC; 0";34049478
11151327335;PI;PARNAIBA;"R RUA CARLOS RODRIGUES DA CUNHA; 0";28557237
11657242521;SP;TAUBATE;"R RUA CARLOS TASSO RODRIGUES DA CUNHA BLC; 0";61795481
10926971855;RJ;DUQUE DE CAXIAS;"R RUA CARLOS TASSO RODRIGUES DA CUNHA; 0";81047441
10869912797;RJ;DUQUE DE CAXIAS;R RUA ANTONIO BORGES DE ARAUJO 0;73593733
10222622773;MG;GOVERNADOR VALADARES;"R RUA CARLOS TASSO RODRIGUES DA CUNHA SN; 0";86068617
11203340721;MT;CUIABA;"R RUA CARLOS TASSO RODRIGUES DA CUNHA SN; 0";21240593
10100876547;SP;GUARULHOS;"R CARLOS TASSO RODRIGUES DA CUNHA SN BLOC; 0";69705985
11074238273;GO;GOIATUBA;"R RUA CARLOS TASSO RODRIGUES DA CUNHA; S/; 0";20652114
11866187324;CE;CAUCAIA;"R CARLOS TASSO RODRIGUES DA CUNHA SN BLOC; 0";80235859
11065679071;GO;GOIATUBA;"R RUA CARLOS TASSO RODRIGUES DA CUNHA; 0";67661495
11449614122;SC;SAO JOSE;"R RUA CARLOS TASSO RODRIGUES DA CUNHA SN; 0";14399292
11544793894;AL;SATUBA;"R RUA CARLOS TASSO RODRIGUES DA CUNHA SN; 0";83075064
11479366875;SP;OSASCO;R RUA ANTONIO BORGES DE ARAUJO 4;86721540
11575107960;SP;PRESIDENTE PRUDENTE;"R RUA CARLOS TASSO RODRIGUES DA CUNHA SN; 0";56682132
10109532066;RS;CACHOEIRINHA;"R CARLOS TASSO RODRIGUES DA CUNHA SN BLOC; 0";21323042
10649913940;MG;UBERABA;"R CARLOS TASSO RODRIGUES DA CUNHA SN BLOC; 0";72365982
11412255523;SP;CAMPINAS;"R CARLOS TASSO RODRIGUES DA CUNHA SN BLOC; 0";21965842
11838593501;RN;SAO GONCALO DO AMARANTE;"R CARLOS TASSO RODRIGUES DA CUNHA SN BLOC; 0";63249810
10056983878;SP;JUNDIAI;"R CARLOS TASSO RODRIGUES DA CUNHA SN BLOC; 0";40012045
10770186829;RN;SAO GONCALO DO AMARANTE;"R CARLOS TASSO RODRIGUES DA CUNHA SN BLOC; 0";26402174
10118705026;SP;TABOAO DA SERRA;R RUA ANTONIO BORGES DE ARAUJO SN BLC 1;16192049
11701189560;PR;SAO JOAO;"R RUA CARLOS TASSO RODRIGUES DA CUNHA SN; 0";89936421
10809317621;RS;PELOTAS;"R CARLOS TASSO RODRIGUES DA CUNHA SN BLOC; 0";39887007
10286203372;SP;CAJAMAR;"R RUA CARLOS TASSO RODRIGUES DA CUNHA SN; 0";28983818
10515124743;RN;NATAL;"R CARLOS TASSO RODRIGUES DA CUNHA SN BLOC; 0";72696341
10869439924;MG;UBERLANDIA;"R CARLOS TASSO RODRIGUES DA CUNHA SN BLOC; 0";25944786
12010205564;RS;SANTO ANGELO;"R RUA CARLOS TASSO RODRIGUES DA CUNHA SN; 0";78843242
10986316689;SP;SOROCABA;"R CARLOS TASSO RODRIGUES DA CUNHA SN BLOC; 0";75330727
10698555156;MG;ARAGUARI;"R RUA CARLOS TASSO RODRIGUES DA CUNHA BLC; 0";45648388
11187526646;PR;PATO BRANCO;"R CARLOS TASSO RODRIGUES DA CUNHA SN BLOC; 0";47192906
10094842044;MA;PACO DO LUMIAR;"R RUA CARLOS TASSO RODRIGUES DA CUNHA; 0";18081449
10606875501;MG;PASSOS;"R RUA CARLOS TASSO RODRIGUES DA CUNHA SN; 0";76074888
11880701108;MG;UBERLANDIA;"R CARLOS TASSO RODRIGUES DA CUNHA SN BLOC; 0";57204753
11741029405;MG;BELO HORIZONTE;"R RUA CARLOS TASSO RODRIGUES DA CUNHA SN; 0";95662667
11055250942;RS;VERA CRUZ;"R RUA CARLOS TASSO RODRIGUES DA CUNHA SN; 0";77316560
11598412550;MG;UBERLANDIA;"R RUA CARLOS TASSO RODRIGUES DA CUNHA; 0";26714247
10901673823;SP;JUNDIAI;"R RUA CARLOS TASSO RODRIGUES DA CUNHA SN; 0";73765408
11844622734;BA;SALVADOR;"R RUA CARLOS TASSO RODRIGUES DA CUNHA SN; 0";73519825
10801995330;PR;TOLEDO;"R RUA CARLOS TASSO RODRIGUES DA CUNHA SN; 0";22529023
11190915541;BA;SALVADOR;"R RUA CARLOS TASSO RODRIGUES DA CUNHA SN; 0";51258327
11551127764;PE;SAO LOURENCO DA MATA;"R RUA CARLOS TASSO RODRIGUES DA CUNHA; S/; 0";59931378
11783786319;SP;SAO JOSE DOS CAMPOS;"R CARLOS TASSO RODRIGUES DA CUNHA SN BLOC; 0";35943326
11193832177;MG;UBERLANDIA;R RUA ANT NIO BORGES DE ARA JO BLOCO 1;36555830
11710321415;BA;SALVADOR;"R CARLOS TASSO RODRIGUES DA CUNHA SN BLOC; 0";32827822
10558626326;MG;RIBEIRAO DAS NEVES;"R CARLOS TASSO RODRIGUES DA CUNHA SN BLOC; 0";25709445
12005089884;SP;CAMPINAS;"R CARLOS TASSO RODRIGUES DA CUNHA SN BLOC; 0";66443589
10054476021;SP;CAMPINAS;"R RUA CARLOS TASSO RODRIGUES DA CUNHA SN; 0";25279200
10726478171;GO;VALPARAISO DE GOIAS;"R RUA CARLOS TASSO RODRIGUES DA CUNHA; 0";88390304
11703600508;CE;FORTALEZA;"R RUA CARLOS TASSO RODRIGUES DA CUNHA SN; 0";43297173
11348375910;SP;PINDAMONHANGABA;"R RUA CARLOS TASSO RODRIGUES DA CUNHA SN; 0";66337166
10009528015;SP;JUNDIAI;"R RUA CARLOS TASSO RODRIGUES DA CUNHA SN; 0";53989086
11288671277;GO;GOIATUBA;"R RUA CARLOS TASSO RODRIGUES DA CUNHA; 0";73909760
12053202210;PA;CASTANHAL;"R RUA CARLOS TASSO RODRIGUES DA CUNHA SN; 0";57746237
10640189146;PR;SAO JOAO DO IVAI;"R RUA CARLOS TASSO RODRIGUES DA CUNHA SN; 0";67477308
10703505062;GO;GOIANIA;"R RUA CARLOS TASSO RODRIGUES DA CUNHA S/N; 0";41216572
10675706914;SP;SAO JOSE DOS CAMPOS;"R RUA CARLOS TASSO RODRIGUES DA CUNHA S/N; 0";18984265
12036180400;MT;CUIABA;"R CARLOS TASSO RODRIGUES DA CUNHA; 0";85627262
10422188312;SP;DRACENA;"R RUA CARLOS TASSO RODRIGUES DA CUNHA SN; 0";87786922
10642256169;RJ;MESQUITA;"R RUA CARLOS TASSO RODRIGUES DA CUNHA; 0";76693179
12076871654;GO;GOIANIA;"R CARLOS TASSO RODRIGUES DA CUNHA SN BLOC; 0";11775225
11011448951;SC;NAVEGANTES;R ANTONIO BORGES DE ARAUJO SN BLOCO 0;40846427
10976751615;SP;SANTO ANDRE;"R RUA CARLOS TASSO RODRIGUES DA CUNHA; S/; 0";58377823
10208949219;SC;CHAPECO;"R CARLOS TASSO RODRIGUES DA CUNHA SN BLOC; 0";43094670
10188879532;RS;ALVORADA;"R CARLOS TASSO RODRIGUES DA CUNHA SN BLOC; 0";35489007
10782787091;MG;CARMO DO RIO CLARO;"R CARLOS TASSO RODRIGUES DA CUNHA SN BLOC; 0";44270021
10378105733;RJ;BELFORD ROXO;"R CARLOS TASSO RODRIGUES DA CUNHA SN BLOC; 0";67332524
10044455371;SP;TAUBATE;"R RUA CARLOS TASSO RODRIGUES DA CUNHA; 0";75099124
11238890497;SE;BARRA DOS COQUEIROS;"R RUA CARLOS TASSO RODRIGUES DA CUNHA S/N; 0";14974714
10725833544;RS;PORTO ALEGRE;"R RUA CARLOS TASSO RODRIGUES CUNHA; 0";42665413
10531079021;PI;PARNAIBA;"R CARLOS TASSO RODRIGUES DA CUNHA SN BLOC; 0";87402305
10159003846;MA;PACO DO LUMIAR;"R CARLOS TASSO RODRIGUES DA CUNHA SN BLOC; 0";66125851
10318434052;MA;SAO LUIS;"R RUA CARLOS TASSO RODRIGUES DA CUNHA S/N; 0";12533652
11447945662;MG;VARGINHA;"R RUA CARLOS TASSO RODRIGUES DA CUNHA S/N; 0";47952775
10953390764;RO;ARIQUEMES;"R RUA CARLOS TASSO RODRIGUES DA CUNHA SN; 0";43427104
11395030470;SP;MOGI DAS CRUZES;"R RUA CARLOS TASSO RODRIGUES DA CUNHA; 0";43357145
10782770779;MS;DOURADOS;"R CARLOS TASSO RODRIGUES DA CUNHA SN BLOC; 0";90104131
10271897356;PR;ARAUCARIA;"R CARLOS TASSO RODRIGUES DA CUNHA S/N BLO; 0";72976063
11963248441;RS;SAPUCAIA DO SUL;"R RUA CARLOS TASSO RODRIGUES DA CUNHA BLO; 0";12201092
11784009853;RN;PARNAMIRIM;"R RUA CARLOS TASSO RODRIGUES DA CUNHA SN; 0";80320071
11002873292;GO;AGUAS LINDAS DE GOIAS;"R CARLOS TASSO RODRIGUES DA CUNHA SN BLOC; 0";98279438
10599815358;BA;LAURO DE FREITAS;"R CARLOS TASSO RODRIGUES DA CUNHA S/N BLO; 0";42324416
12031853091;MG;ARAXA;"R RUA CARLOS TASSO RODRIGUES DA CUNHA; 0";20358560
11288565891;RN;SAO GONCALO DO AMARANTE;"R RUA CARLOS TASSO RODRIGUES DA CUNHA; 0";92900318
10585255009;AL;SATUBA;"R RUA CARLOS TASSO RODRIGUES DA CUNHA; 0";90154349
11647128708;ES;CACHOEIRO DE ITAPEMIRIM;"R RUA CARLOS TASSO RODRIGUES DA CUNHA; 0";41812783
11159418768;SP;RIBEIRAO PRETO;"R RUA ANTONIO BORGES DE ARAUJO; 0";45409817
10843647731;MT;RONDONOPOLIS;"R RUA CARLOS TASSO RODRIGUES DA CUNHA SN; 0";44960811
10374032133;MG;ALFENAS;"R RUA CARLOS TASSO RODRIGUES DA CUNHA SN; 0";19211421
10400224082;PR;ARARUNA;"R OLANDA DERENUSSON SILVEIRA S/N BLOCO; 0";74724961
10428455715;RJ;MACAE;"R RUA CARLOS TASSO RODRIGUES DA CUNHA; S/; 0";98798959
11723102808;MG;LAGOA DA PRATA;"R RUA CARLOS TASSO RODRIGUES DA CUNHA SN; 0";83676909
11933794072;SP;SAO CARLOS;"R RUA CARLOS TASSO RODRIGUES DA CUNHA; 0";34639157
11420162453;SC;ARARANGUA;"R RUA CARLOS TASSO RODRIGUES DA CUNHA; 0";40735433
10854400994;RS;SANTO ANGELO;"R RUA CARLOS TASSO RODRIGUES DA CUNHA S/N; 0";18602559
10088982800;DF;BRASILIA;"R RUA CARLOS TASSO RODRIGUES DA CUNHA S/N; 0";11655773
11682878989;MT;JACIARA;"R RUA CARLOS TASSO RODRIGUES DA CUNHA SN; 0";50587484
11111204805;AL;MACEIO;"R RUA CARLOS TASSO RODRIGUES DA CUNHA S/N; 0";99895809
10793847185;GO;AGUAS LINDAS DE GOIAS;"R RUA CARLOS TASSO RODRIGUES DA CUNHA SN; 0";17912488
11803191230;SP;FERRAZ DE VASCONCELOS;"R RUA ANTONIO BORGES DE ARAUJO; 0";34297664
11004297571;PR;BELA VISTA DO PARAISO;"R RUA CARLOS TASSO RODRIGUES DA CUNHA; 0";69428459
11149186703;PE;PETROLINA;"R RUA ANTONIO BORGES DE ARAUJO S/N BLOCO; 0";83628768
12071929366;SP;BOTUCATU;"R RUA CARLOS TASSO RODRIGUES DA CUNHA S/N; 0";25416604
10530740197;MG;RIBEIRAO DAS NEVES;"R RUA CARLOS TASSO RODRIGUES DA CUNHA SN; 0";35746514
10399577495;RS;SAPUCAIA DO SUL;"R RUA CARLOS TASSO RODRIGUES DA CUNHA SN; 0";22622144
11314746041;RJ;NITEROI;"R RUA CARLOS TASSO RODRIGUES DA CUNHA SN; 0";92623771
10670075646;SP;GUARULHOS;"R RUA CARLOS TASSO RODRIGUES DA CUNHA SN; 0";19364725
11605409338;SP;COTIA;"R RUA CARLOS TASSO RODRIGUES DA CUNHA; SN; 0";21998022
10539977047;MG;NOVA SERRANA;"R RUA CARLOS TASSO RODRIGUES DA CUNHA SN; 0";44947082
11228121654;RS;ALVORADA;R OLANDA DERENUSSON SILVEIRA SN BLOCO 0;92355741
10315837752;PA;MARITUBA;"R RUA CARLOS TASSO RODRIGUES DA CUNHA SN; 0";64716033
11607650004;SP;SAO PAULO;"R RUA CARLOS TASSO RODRIGUES DA CUNHA SN; 0";31082221
11263480887;RS;SANTA BARBARA DO SUL;R RUA ANTONIO BORGES DE ARAUJO SN BLOCO 0;36397861
12039670370;MG;DIVINOPOLIS;"R RUA CARLOS TASSO RODRIGUES DA CUNHA S/N; 0";88087363
10771618962;RS;ALVORADA;R RUA ANTONIO BORGES DE ARAUJO SN BLOCO 0;79365082
11255404273;GO;APARECIDA DE GOIANIA;"R RUA CARLOS TASSO RODRIGUES DA CUNHA SN; 0";44248701
10487075409;PR;BELA VISTA DO PARAISO;"R RUA  OLANDA DERENUSSON SILVEIRA SN BLOC; 0";62444963
11214764032;RJ;RIO DE JANEIRO;"R RUA CARLOS TASSO RODRIGUES DA CUNHA SN; 0";39367891
11167590832;MT;CUIABA;R RUA DAS LARANJEIRAS NR 4;26133775
11345600681;MT;JUINA;"R RUA CARLOS TASSO RODRIGUES DA CUNHA SN; 0";48009466
11231911566;PE;PETROLINA;"R RUA CARLOS TASSO RODRIGUES DA CUNHA; 0";94577647
10777212229;SP;SAO PAULO;"R RUA CARLOS TASSO RODRIGUES DA CUNHA SN; 0";28937800
11670125587;SP;PIRACICABA;"R RUA CARLOS TASSO RODRIGUES DA CUNHA; 0";32271675
10594163538;MG;UBERLANDIA;"R CARLOS TASSO RODRIGUES DA CUNHA SN BLOC; 0";61438317
11515646035;SP;SAO PAULO;"R RUA CARLOS TASSO RODRIGUES DA CUNHA SN; 0";85457884
11160544568;BA;ITABUNA;"R RUA CARLOS TASSO RODRIGUES DA CUNHA SN; 0";95641748
10826805934;RS;CAXIAS DO SUL;R RUA ANTONIO BORGES DE ARAUJO SN BLOCO 0;94422594
10600421626;RS;SAO LEOPOLDO;"R RUA ANT NIO BORGES DE ARA JO S/N BLOCO; 0";20904651
11508495914;RS;VERANOPOLIS;R RUA ANTONIO BORGES DE ARAUJO SN BLOCO 0;96818606
11923998696;SP;CAMPINAS;"R RUA CARLOS TASSO RODRIGUES DA CUNHA; 0";99154318
10550496690;SP;CAMPINAS;"R RUA CARLOS TASSO RODRIGUES DA CUNHA SN; 0";79886253
10935223546;RS;SANTO ANGELO;"R RUA CARLOS TASSO RODRIGUES DA CUNHA SN; 0";77799436
11585852531;RS;SAO LEOPOLDO;"R RUA CARLOS TASSO RODRIGUES DA CUNHA; 0";93391818
10121841387;PI;PARNAIBA;"R RUA CARLOS TASSO RODRIGUES DA CUNHA SN; 0";52545477
11193359370;RJ;MARICA;"R RUA  OLANDA DERENUSSON SILVEIRA;SN BLOC; 0";90445365
11165451214;MG;TIROS;"R RUA CARLOS TASSO RODRIGUES DA CUNHA; 0";61903908
10052077883;SP;JUNDIAI;"R RUA CARLOS TASSO RODRIGUES DA CUNHA; 0";37915642
11570213486;RJ;RIO DE JANEIRO;"R RUA CARLOS TASSO RODRIGUES DA CUNHA SN; 0";71539049
10780199615;SP;IPAUSSU;"R RUA  OLANDA DERENUSSON SILVEIRA S/N BLO; 0";23577911
10296361990;PI;PARNAIBA;AV AVENIDA NIZA MARQUEZ GUARITA SN BLC 1;81546280
11760009615;SP;ARACATUBA;"R RUA  OLANDA DERENUSSON SILVEIRA; 0";33847789
11671660570;PR;SARANDI;"R RUA CARLOS TASSO RODRIGUES DA CUNHA SN; 0";87545597
11787932729;MG;UBERABA;AV AV NIZA MARQUEZ GUARITA SN BLOCO 0;89229568
10708643295;SP;SUZANO;"AV AV NILZA MARQUES GUARIT; 0";41632203
10378780004;PE;CARUARU;"R RUA CARLOS TASSO RODRIGUES DA CUNHA SN; 0";33206554
10606797549;GO;CIDADE OCIDENTAL;AV NIZA MARQUEZ GUARITA BLOCO 2;42106238
10648680625;SP;SAO PAULO;"AV AV NIZA MARQUEZ GUARITA; 0";71076094
11527812398;RS;BENTO GONCALVES;"R RUA CARLOS TASSO RODRIGUES DA CUNHA S/N; 0";39995452
11992485353;RS;BENTO GONCALVES;"R RUA CARLOS TASSO RODRIGUES DA CUNHA S/N; 0";14124540
10370212774;MT;SINOP;"R RUA CARLOS TASSO RODRIGUES DA CUNHA; 0";31046022
10474134514;PR;PONTA GROSSA;"R RUA CARLOS TASSO RODRIGUES DA CUNHA SN; 0";43159620
11871013481;MG;ITAPECERICA;"R RUA CARLOS TASSO RODRIGUES DA CUNHA SN; 0";40266787
11580743651;PR;SANTA TEREZINHA DE ITAIPU;"R RUA CARLOS TASSO RODRIGUES DA CUNHA; 0";30840034
11889111624;RS;BENTO GONCALVES;"R RUA CARLOS TASSO RODRIGUES DA CUNHA SN; 0";41033609
11203122855;PR;ARAUCARIA;"R RUA CARLOS TASSO RODRIGUES DA CUNHA SN; 0";30551307
11666114324;SP;CAMPINAS;R AV ALMIRANTE BARROSO 2;57933244
11465948917;RJ;RIO DE JANEIRO;"R RUA CARLOS TASSO RODRIGUES DA CUNHA; 0";18334558
11810951096;SP;JUNDIAI;"R RUA CARLOS TASSO RODRIGUES DA CUNHA; 0";64435605
11000919926;SP;CAMPINAS;"R RUA CARLOS TASSO RODRIGUES DA CUNHA; 0";81460599
11380505081;PI;TERESINA;"R RUA CARLOS TASSO RODRIGUES DA CUNHA SN; 0";35866819
10340926567;GO;GOIATUBA;"R RUA CARLOS TASSO RODRIGUES DA CUNHA; 0";45745672
10941724511;BA;LAURO DE FREITAS;"R RUA CARLOS TASSO RODRIGUES DA CUNHA SN; 0";48803142
10272789164;SP;GUARULHOS;"R RUA CARLOS TASSO RODRIGUES DA CUNHA SN; 0";85122520
11036042024;PI;TERESINA;"R RUA CARLOS TASSO RODRIGUES DA CUNHA; 0";30996507
11991109082;CE;HORIZONTE;"R RUA CARLOS TASSO RODRIGUES DA CUNHA SN; 0";54570229
11066577761;CE;QUIXERE;"R RUA CARLOS TASSO RODRIGUES DA CUNHA SN; 0";35369265
11217498812;SP;PENAPOLIS;"R RUA DOS CURI S; S/N BLOCO 0";34524631
11972462344;SP;RIO CLARO;"R RUA CARLOS TASSO RODRIGUES DA CUNHA SN; 0";62308036
11749881957;MG;BETIM;AV AV NIZA MARQUEZ GUARITA SN BLOCO 3;57980944
10807517006;MG;UBERLANDIA;"R RUA CARLOS TASSO RODRIGUES DA CUNHA; 0";60155266
11652710778;GO;GOIANESIA;"R RUA CARLOS TASSO RODRIGUES DA CUNHA; 0";42694986
10184084244;RS;CARAZINHO;AV AV NIZA MARQUEZ GUARITA SN BLOCO 2;56678601
10227461600;SP;AMERICANA;"R RUA  OLANDA DERENUSSON SILVEIRA SN BLOC; 0";67930403
11279555495;SP;CAMPINAS;"R RUA CARLOS TASSO RODRIGUES DA CUNHA SN; 0";61481460
11635014699;GO;NEROPOLIS;"R RUA CARLOS TASSO RODRIGUES DA CUNHA; 0";76255809
11321116271;MG;BELO HORIZONTE;"R RUA CARLOS TASSO RODRIGUES DA CUNHA; 0";12082323
10578135579;GO;CIDADE OCIDENTAL;"R RUA CARLOS TASSO RODRIGUES DA CUNHA SN; 0";81605845
12092486768;PR;PIRAQUARA;"R RUA CARLOS TASSO RODRIGUES DA CUNHA SN; 0";13166472
10074461284;CE;CAUCAIA;AV RUA DOS CURIOS S/N BLOCO 7;92628798
11031066971;RS;IBIRUBA;AV AV NIZA MARQUEZ GUARITA SN BLOCO 1;29579898
10882982308;GO;FORMOSA;"R RUA CARLOS TASSO RODRIGUES DA CUNHA SN; 0";78354926
11761104869;SP;ARACATUBA;"R RUA CARLOS TASSO RODRIGUES DA CUNHA; 0";11404674
11977717184;SP;ITANHAEM;"R RUA CARLOS TASSO RODRIGUES DA CUNHA SN; 0";70300975
11771800874;GO;AGUAS LINDAS DE GOIAS;"R RUA CARLOS TASSO RODRIGUES DA CUNHA SN; 0";45365326
10265155834;MA;SAO LUIS;"R RUA CARLOS TASSO RODRIGUES DA CUNHA SN; 0";27438253
11812618862;GO;VALPARAISO DE GOIAS;"R RUA DOS CURI S; S/N BLOCO 1";93274126
10509656755;GO;APARECIDA DE GOIANIA;R RUA CARLOS SALGE 1;94274569
10194486002;SE;TOBIAS BARRETO;R RUA CARLOS SALGE 1;43879666
11571984403;SE;TOBIAS BARRETO;"R RUA DOS CURIOS; 0";41246469
11054197838;MG;PASSOS;AV AV NIZA MARQUEZ GUARITA S/N BLOCO 1;35522970
10065649775;SP;MARILIA;"R RUA CARLOS TASSO RODRIGUES DA CUNHA SN; 0";71969381
12095232080;RJ;RESENDE;"R RUA DOS CURI S; 0";40973530
11470123731;PR;PINHAIS;"R RUA CARLOS TASSO RODRIGUES DA CUNHA S/N; 0";32995202
12039652024;SP;PIRACICABA;"R RUA CARLOS TASSO RODRIGUES DA CUNHA SN; 0";98732003
10347904300;GO;ANAPOLIS;"R RUA CARLOS TASSO RODRIGUES DA CUNHA SN; 0";95933944
10871853339;PR;COLOMBO;"R RUA DOS CURIOS; 0";45658365
11641295892;MT;CUIABA;"R RUA DOS CURI S; S/N BLOCO 2";33930889
11882860409;MG;UNAI;"R RUA DOS CURIOS; 0";23174304
10341733768;PR;CURITIBA;"R RUA DOS CURI S; 0";65033453
11848914797;GO;AGUAS LINDAS DE GOIAS;"R RUA AB LIO MONTEIRO; 4";67729173
11114096861;SP;CAJAMAR;"R RUA  OLANDA DERENUSSON SILVEIRA SN BLOC; 0";31643556
10627040382;MG;ITABIRA;"R RUA AB LIO MONTEIRO; 0";48756199
10254513954;SP;SANTO ANDRE;"R RUA CARLOS TASSO RODRIGUES DA CUNHA SN; 0";82449545
11717034950;GO;APARECIDA DE GOIANIA;"R RUA DOS CURI S; S/N BLOCO 1";17257927
10711738374;MG;UBERLANDIA;"R RUA DOS CURI S; S/N BLOCO 3";37745632
12102635894;SP;SANTO ANDRE;"R RUA DOS CURI S; S/N BLOCO 1";46505509
10161552587;MS;CAMPO GRANDE;"R RUA CARLOS SALGE; 0";38914517
10894239430;SP;JUNDIAI;"R RUA AB LIO MONTEIRO; 4";47467106
10154466724;MG;ESMERALDAS;"R RUA CARLOS TASSO RODRIGUES DA CUNHA; 0";11022815
10923124684;GO;GOIANIA;"R RUA AB LIO MONTEIRO; 4";78579593
11174973352;SC;SAO JOSE;"R RUA CARLOS TASSO RODRIGUES DA CUNHA SN; 0";18290719
11653361153;GO;CAMPOS BELOS;"R RUA DOS CURI S; 0";22759043
10120785829;PB;JOAO PESSOA;"R RUA CARLOS TASSO RODRIGUES DA CUNHA SN; 0";90789504
10750188779;GO;VALPARAISO DE GOIAS;"R RUA DOS CURI S; S/N BLOCO 1";17664145
10856992441;RS;SANTA MARIA;"R RUA DOS CURI S; 0";47235538
10489334895;RS;SALDANHA MARINHO;"AV RUA DOS CURI S; S/N BLOCO 3";56820942
10660157378;RS;SANTA CRUZ DO SUL;"R RUA CARLOS TASSO RODRIGUES DA CUNHA SN; 0";12580648
11395362688;SP;OLIMPIA;"R RUA CARLOS TASSO RODRIGUES DA CUNHA SN; 0";91729153
10445079086;SP;SAO PAULO;"R RUA CARLOS TASSO RODRIGUES DA CUNHA; 0";89890773
12014239177;RS;PORTO ALEGRE;"R RUA CARLOS TASSO RODRIGUES DA CUNHA SN; 0";60089099
10409614167;SP;PINDORAMA;"R RUA CARLOS TASSO RODRIGUES DA CUNHA; 0";94220932
11968902881;DF;BRASILIA;AV AV NIZA MARQUEZ GUARITA SN BLOCO 3;25025279
12059588821;SP;COLINA;"R RUA CARLOS TASSO RODRIGUES DA CUNHA SN; 0";85286183
11249362611;MT;CUIABA;"R RUA ABILIO MONTEIRO; 0";24482477
10797969789;SP;MOGI DAS CRUZES;"R RUA  OLANDA DERENUSSON SILVEIRA SN BLOC; 0";11695228
11188234287;PA;BELEM;"R RUA CARLOS TASSO RODRIGUES DA CUNHA S/N; 0";90624795
11656961195;RN;PARNAMIRIM;"R RUA ABILIO MONTEIRO; 0";44757499
11166867816;BA;SALVADOR;"R RUA DOS CURI S; S/N BLOCO 3";49831708
12032946946;RJ;RIO DE JANEIRO;AV AV NIZA MARQUEZ GUARITA SN BLOCO 2;54762395
11893125174;MA;PACO DO LUMIAR;"R RUA AB LIO MONTEIRO; 0";68381797
10536871506;AL;ARAPIRACA;"R RUA AB LIO MONTEIRO; 0";20609657
10551953026;RS;IJUI;R RUA ABILIO MONTEIRO 4;47525433
11789041532;SP;PONTAL;R RUA ABILIO MONTEIRO 4;47043063
11252464458;MG;MURIAE;"R RUA CARLOS TASSO RODRIGUES DA CUNHA SN; 0";41674659
10285756086;PR;PEROLA;"R RUA DOS CURIOS; 0";15381803
10656001593;SP;MONGAGUA;"R RUA AB LIO MONTEIRO; 4";82014430
10811831963;MG;ITABIRA;"R RUA DOS CURI S; S/N BLOCO 2";38551606
10853281439;MA;PACO DO LUMIAR;"R RUA DOS CURIOS; 0";94950991
12110902832;SP;SAO JOSE DOS CAMPOS;"R RUA DOS CURI S; S/N BLOCO 2";97227236
11551051859;SP;NOVO HORIZONTE;"R RUA CARLOS TASSO RODRIGUES DA CUNHA; 0";83027401
10204541011;SP;CARAPICUIBA;"R RUA DOS CURI S; S/N BLOCO 5";69576902
11034882570;GO;GOIANIA;"R RUA CARLOS TASSO RODRIGUES DA CUNHA SN; 0";15074689
10028513223;MG;UBERLANDIA;"R RUA ABILIO MONTEIRO; 0";55018660
11713527399;MS;CAARAPO;"R RUA CARLOS TASSO RODRIGUES DA CUNHA SN; 0";78033888
11889228707;CE;JUAZEIRO DO NORTE;"R RUA CARLOS TASSO RODRIGUES DA CUNHA SN; 0";17135353
10628054107;SP;JUNDIAI;"R RUA ABILIO MONTEIRO; 0";10686297
11595763914;MG;ESMERALDAS;"R RUA DOS CURI S; S/N BLOCO 2";43278958
11614165873;MG;OLIVEIRA;"R RUA ABILIO MONTEIRO; 0";89943360
10398307641;RJ;RIO DE JANEIRO;"R RUA DOS CURI S; S/N BLOCO 2";81348266
10505202213;PB;JOAO PESSOA;"R RUA DOS CURI S; S/N BLOCO 2";86883394
11974004058;SP;APARECIDA;"R RUA CARLOS TASSO RODRIGUES DA CUNHA; 0";39410466
10489375980;ES;LINHARES;"R RUA CARLOS TASSO RODRIGUES DA CUNHA SN; 0";95014094
11049373570;SC;CAMBORIU;"AV RUA DOS CURI S; S/N BLOCO 3";50026428
10093767620;SP;MARILIA;"R RUA DOS CURI S; S/N BLOCO 1";40762297
10505447543;PR;MARINGA;"R RUA DOS CURI S; S/N BLOCO 2";85209946
11628520399;PR;SARANDI;AV RUA DOS CURIOS S/N BLOCO 2;36129393
11496476067;SP;MOGI GUACU;"R RUA DOS CURI S; S/N BLOCO 1";79599660
10544383451;MG;RIBEIRAO DAS NEVES;R RUA ABILIO MONTEIRO 4;69230482
11280963245;RS;CACHOEIRINHA;AV AV NIZA MARQUEZ GUARITA SN BLOCO 3;61069639
11033881364;MA;SAO LUIS;"R RUA DOS CURI S; S/N BLOCO 2";20089126
11061770703;SC;TUBARAO;"R RUA AB LIO MONTEIRO; 4";93156067
10511750503;MG;MONTE SANTO DE MINAS;"R RUA DOS CURI S; 0";16490728
10987972050;SP;SAO PAULO;"R RUA AB LIO MONTEIRO; 0";67172717
10720830996;SP;RIBEIRAO PRETO;"R RUA CARLOS TASSO RODRIGUES DA CUNHA SN; 0";20425951
12096868999;PR;CHOPINZINHO;"R RUA AB LIO MONTEIRO; 4";15193394
11651062068;RS;PASSO FUNDO;"R RUA AB LIO MONTEIRO; 4";32906278
11436056580;SP;OSVALDO CRUZ;"R RUA CARLOS TASSO RODRIGUES DA CUNHA; 0";84450444
11043060412;SP;DIADEMA;"R RUA CARLOS TASSO RODRIGUES DA CUNHA SN; 0";72995269
11367499852;PR;MEDIANEIRA;"R RUA AB LIO MONTEIRO; 4";66077024
12046112357;SP;TAUBATE;"AV AV NIZA MARQUEZ GUARITA; 0";22005044
10084169863;SC;MARAVILHA;"AV RUA DOS CURI S; S/N BLOCO 2";95584500
10507887549;PA;ANANINDEUA;"R RUA AB LIO MONTEIRO; 4";23173771
10909739451;PR;SAO JOSE DOS PINHAIS;"R RUA AB IO MONTEIRO; 4";64059380
11912065055;MG;UBERLANDIA;R RUA CARLOS TASSO RODRIGUES S/N BLOCO 8;77249046
10201208296;BA;SALVADOR;AV RUA PROJETADA A SN BLOCO 9;88041214
10637613878;SP;ARARAS;"R RUA CARLOS TASSO RODRIGUES DA CUNHA S/N; 0";71016211
11312622206;PR;CURITIBA;"R RUA CARLOS TASSO RODRIGUES DA CUNHA SN; 0";10110290
10047687144;RS;NOVO HAMBURGO;"AV RUA DOS CURI S; S/N BLOCO 2";77993889
11296927893;MG;CARATINGA;MUN RUA 4;79042568
10247930268;PR;SANTA CRUZ DE MONTE CASTELO;"R RUA AB LIO MONTEIRO; 4";39979229
11661104118;SC;VIDAL RAMOS;"R RUA CARLOS TASSO RODRIGUES DA CUNHA; 0";79388878
10733873440;GO;ITABERAI;"R RUA AB LIO MONTEIRO; 4";69884605
10506962309;PR;CURITIBA;"R RUA AB LIO MONTEIRO; 0";29026340
11211576203;SE;ARACAJU;"R RUA AB LIO MONTEIRO; 4";67007618
10226983337;PR;PORECATU;"AV RUA DOS CURI S; S/N BLOCO 3";50916336
11583787332;SP;CATANDUVA;"R RUA ABILIO MONTEIRO; 0";27744095
11218465543;RS;SEBERI;"R RUA AB LIO MONTEIRO; 4";24974675
10254613326;PI;ALAGOINHA DO PIAUI;AV AV NIZA MARQUEZ GUARITA SN BLOCO 1;31113906
11837889035;SP;PIRASSUNUNGA;"R RUA CARLOS TASSO RODRIGUES DA CUNHA SN; 0";98411445
11988200323;GO;GOIANIA;"R RUA CARLOS TASSO RODRIGUES DA CUNHA SN; 0";46400625
11776397890;SP;SANTA BARBARA D'OESTE;"R RUA CARLOS TASSO RODRIGUES DA CUNHA; 0";25133276
11784207760;PR;LOBATO;"R RUA CARLOS TASSO RODRIGUES DA CUNHA SN; 0";91012628
10602733117;PI;TERESINA;"R RUA AB LIO MONTEIRO; 4";72828623
11695694296;SP;FERRAZ DE VASCONCELOS;"AV RUA DOS CURI S; 0";62865354
11544862716;PR;CASCAVEL;"R RUA CARLOS TASSO RODRIGUES DA CUNHA; 0";10374944
10732363393;RS;CACHOEIRINHA;R RUA CARLOS SALGE 1;81009081
10261176132;SP;TAUBATE;"R RUA CARLOS TASSO RODRIGUES DA CUNHA SN; 0";34379579
10955276079;SP;SAO JOSE DOS CAMPOS;"R RUA AB LIO MONTEIRO; 4";50617207
11293810652;SP;JUNDIAI;"AV RUA SILVERIO AZEVEDO NR;3";43138270
10111150328;SP;SOROCABA;"R RUA AB LIO MONTEIRO; 4";14626324
12052682004;PE;ARCOVERDE;"R R CARLOS TASSO RODRIGUES DA CUNHA; 0";56525264
10051380475;SP;SOROCABA;AV AV NIZA MARQUEZ GUARITA SN BLOCO 1;75280163
11736400040;GO;NIQUELANDIA;"R RUA JOAQUIM D DE OLIVEIRA; 0";80016953
11662987066;MG;UBERLANDIA;"R RUA CARLOS TASSO RODRIGUES DA CUNHA SN; 0";25032035
11950735369;SP;INDAIATUBA;"R RUA CARLOS TASSO RODRIGUES DA CUNHA SN; 0";40956266
11297224535;ES;VILA VELHA;"R RUA CARLOS TASSO RODRIGUES DA CUNHA SN; 0";12135553
10369211524;MA;TIMON;"R RUA AB LIO MONTEIRO; 0";88403883
10068123246;SC;APIUNA;"R RUA CARLOS TASSO RODRIGUES DA CUNHA SN; 0";65960991
10539082296;SP;ARACATUBA;"R RUA AB LIO MONTEIRO; 0";88125038
11407127516;RS;CACHOEIRINHA;"R RUA CARLOS TASSO RODRIGUES DA CUNHA SN; 0";76134598
10744157418;MG;PERDIZES;"AV RUA DOS CURIOS; 0";94210958
10103690678;RN;NATAL;"R RUA AB LIO MONTEIRO; 4";83617891
11973159754;SC;ARARANGUA;"AL ALAMEDA JOSE DE OLIVEIRA GUIMARAES; 0";24522005
11384206725;PR;SANTO ANTONIO DA PLATINA;"R RUA AB LIO MONTEIRO; 4";82787533
11862945952;PE;BREJO DA MADRE DE DEUS;"R RUA CARLOS TASSO RODRIGUES DA CUNHA SN; 0";39620456
11825041440;RJ;RIO DE JANEIRO;"R RUA CARLOS TASSO RODRIGUES DA CUNHA SN; 0";13317156
10490245670;PR;COLOMBO;"R RUA AB LIO MONTEIRO; 4";35194485
11461900297;SP;BOTUCATU;"AV RUA DOS CURI S; S/N BLOCO 1";29035607
10101592928;SP;CAJAMAR;"AV RUA DOS CURI S; S/N BLOCO 1";21706263
11281638729;DF;BRASILIA;"R RUA CARLOS TASSO RODRIGUES DA CUNHA SN; 0";40437912
11725235493;SC;PALHOCA;"R RUA AB LIO MONTEIRO; 4";92752309
11864551427;SP;SAO PAULO;R OLANDA DERENUSSON SILVEIRA SN BLOCO 0;92831735
10839629015;MG;SANTA LUZIA;"R RUA CARLOS TASSO RODRIGUES DA CUNHA SN; 0";12448266
10830045189;PA;CASTANHAL;"R RUA CARLOS TASSO RODRIGUES DA CUNHA SN; 0";61579297
12009931426;PR;SAO JOSE DOS PINHAIS;"AV RUA DOS CURI S; S/N BLOCO 2";99491167
10678256335;AL;SATUBA;"AV RUA DOS CURI S; S/N BLOCO 8";58005877
11568391366;PR;FRANCISCO BELTRAO;"R RUA CARLOS TASSO RODRIGUES DA CUNHA SN; 0";71869310
11780491420;SP;PRESIDENTE PRUDENTE;"R RUA CARLOS TASSO RODRIGUES DA CUNHA SN; 0";15888622
11811467644;SP;BOTUCATU;"R RUA CARLOS TASSO RODRIGUES DA CUNHA; 0";61951196
11615814382;SC;PENHA;"R RUA AB LIO MONTEIRO; 0";74614363
10512531283;MT;VARZEA GRANDE;"R RUA CARLOS TASSO RODRIGUES DA CUNHA SN; 0";27940846
10731851425;RN;NATAL;"R RUA CARLOS TASSO RODRIGUES DA CUNHA SN; 0";40153996
11880703378;ES;SERRA;"R CARLOS TASSO RODRIGUES DA CUNHA SN BLOC; 0";27344588
11954563398;MA;RAPOSA;"R RUA AB LIO MONTEIRO; 4";23535243
11359662076;MG;BETIM;"R RUA CARLOS TASSO RODRIGUES DA CUNHA SN; 0";42825924
10114737502;RN;PARNAMIRIM;"AV RUA D; 0";67552296
11369975073;SP;ARARAQUARA;"AV RUA D; 0";16414983
11107808162;PR;SAO JOSE DOS PINHAIS;"R RUA AB LIO MONTEIRO; 0";68546303
10183223114;MG;SANTA LUZIA;"R RUA CARLOS TASSO RODRIGUES DA CUNHA SN; 0";49000114
10765540292;BA;ITABUNA;"R RUA AB LIO MONTEIRO; 4";58486988
11523629031;SP;JUNDIAI;"R RUA AB LIO MONTEIRO; 4";22430484
10025400420;SP;MAUA;"R RUA AB LIO MONTEIRO; 4";81361535
10352519416;SE;ARACAJU;"R R ABILIO MONTEIRO; 0";57407012
11327535192;PR;SAO JOSE DOS PINHAIS;"R RUA AB LIO MONTEIRO; 0";50864093
10456926377;BA;ILHEUS;R ABILIO MONTEIRO N 4;54946944
10698996191;GO;VALPARAISO DE GOIAS;R ABILIO MONTEIRO N 4;13924410
10233953480;MG;PASSOS;"R RUA AB LIO MONTEIRO; 0";74690010
11988709636;SP;SUZANO;R RUA ABILIO MONTEIRO 4;18508805
10449986260;PE;BELO JARDIM;"R RUA AB LIO MONTEIRO; 4";21381102
11220653197;SP;FERRAZ DE VASCONCELOS;R R ABILIO MONTEIRO 4;74360975
11442761974;SE;TOBIAS BARRETO;"R RUA AB   LIO MONTEIRO; 0";13451944
11918266752;RJ;RIO DE JANEIRO;MUN RUA 4;98818732
11162476173;SE;TOBIAS BARRETO;"R RUA ABILIIO MONTEIRO; 0";98482217
11941126394;SE;BARRA DOS COQUEIROS;"R RUA ABILIO MONTEIRO; 0";78714287
10749469759;GO;VALPARAISO DE GOIAS;"R RUA ABILIO MONTEIRO; 4";20389417
11721082580;PE;OLINDA;"AV RUA DOS CURI S; S/N BLOCO 1";72520719
10012743826;SC;CORONEL FREITAS;"AV RUA DOS CURI S; S/N BLOCO 1";65235866
11002563958;SC;SAO JOSE;"AV RUA DOS CURI S; S/N BLOCO 1";46450409
11652562454;MT;CUIABA;"AV RUA DOS CURI S; S/N BLOCO 1";25158733
11634513553;SP;SAO PAULO;"AV RUA DOS CURI S; S/N BLOCO 5";43459411
10690201828;MG;JUIZ DE FORA;AV DOS CURIOS SN BLOCO 4;41106112
11603729286;PR;CURITIBA;"R RUA ABILIO MONTEIRO; 0";66029933
11628578157;SP;SAO CARLOS;R OLANDA DERENUSSON SILVEIRA SN BLOCO 1;45324094
11330448530;SP;ITAPEVA;"AV RUA DOS CURIOS; 0";59242904
11438417987;SP;SAO PAULO;"AV RUA DOS CURI S; 0";19629803
11866538763;MG;UBERABA;AV NIZA MARQUEZ GUARITA SN BLOCO 3;24927369
10782912268;BA;ITABUNA;AV RUA DOS CURIOS SN BLOCO 2;94665842
11674663758;RO;JARU;R ABILIO MONTEIRO 4;75408106
10550276746;SP;BAURU;AV NIZA MARQUEZ GUARITA SN BLOCO 1;23963120
11772975486;PB;JOAO PESSOA;AV NIZA MARQUEZ GUARITA SN BLOCO 2;35780583
10277246256;RN;PARNAMIRIM;AV NIZA MARQUEZ GUARITA SN BLOCO 2;53702157
11784077044;SC;BALNEARIO CAMBORIU;"R CARLOS TASSO RODRIGUES DA CUNHA SN BLOC; 0";36123122
11989076217;SP;GUARULHOS;"AV RUA DOS CURI S; S/N BLOCO 1";94985904
10876609601;MG;CONTAGEM;AV PADRE GUILHERME DECAMINADA N 1;31860885
11068711372;MG;ESMERALDAS;"AV RUA DOS CURIOS; 0";18884910
11558314009;GO;GOIANIA;"R CARLOS TASSO RODRIGUES DA CUNHA SN BLOC; 0";81083075
10964593040;SP;PIRASSUNUNGA;"AV RUA DOS CURI S; S/N BLOCO 2";78414532
11520843567;PA;TAILANDIA;"R RUA CARLOS TASSO RODRIGUES DA CUNHA; 0";71944122
11750048418;SP;JUNDIAI;"R RUA ABILIO MONTEIRO; 0";53564874
11433406391;SP;SAO PAULO;"R RUA ABILIO MONTEIRO; 4";53904133
10813356190;AL;SATUBA;"AV RUA DOS CURI S; S/N BLOCO 2";17880557
10544103619;RN;PARNAMIRIM;"R RUA CARLOS TASSO RODRIGUES DA CUNHA SN; 0";69432121
10114544040;SP;BOTUCATU;R ABILIO MONTEIRO 4;58247380
10359433564;PR;LONDRINA;"R RUA CARLOS TASSO RODRIGUES DA CUNHA SN; 0";73432830
10836594428;PI;TERESINA;"R RUA CARLOS TASSO RODRIGUES DA CUNHA; 0";60547194
10512167688;SP;LIMEIRA;"R RUA CARLOS TASSO RODRIGUES DA CUNHA SN; 0";87157722
11936865979;RS;ROCA SALES;AV AV NIZA MARQUEZ GUARITA SN BL 3;91141017
10411447282;AL;TAQUARANA;"R RUA CARLOS TASSO RODRIGUES DA CUNHA; 0";57481207
10717335655;PR;SAO JOAO;"R RUA CARLOS TASSO RODRIGUES DA CUNHA; 0";76302288
10548343264;BA;FEIRA DE SANTANA;AV DOS CURIOS SN BLOCO 1;47203538
10762041340;SP;SOROCABA;R RUA ABILIO MONTEIRO N 4;62138430
12101347288;RS;SANTA MARIA;"AV RUA DOS CURI S; S/N BLOCO 0";52622909
11176453914;SP;BOTUCATU;"R RUA CARLOS TASSO RODRIGUES DA CUNHA SN; 0";54566859
11546109695;RJ;RIO DE JANEIRO;AV DOS CURIOS SN BLOCO 2;53735696
10308698887;SP;TEODORO SAMPAIO;R ABILIO MONTEIRO N 4;42013646
10104286081;SP;PEDREIRA;AV NIZA MARQUEZ GUARITA SN BLOCO 3;26984399
10891713517;GO;VALPARAISO DE GOIAS;"R RUA ABILIO MONTEIRO; 0";57800331
11958104680;PR;CURITIBA;"R RUA CARLOS TASSO RODRIGUES DA CUNHA SN; 0";96908640
11350959170;PR;TOLEDO;R ABILIO MONTEIRO 4;96884249
10437910391;SP;CAMPINAS;"R RUA CARLOS TASSO RODRIGUES DA CUNHA SN; 0";71033815
10248909616;SP;BARIRI;R ABILIO MONTEIRO 4;55360664
11721628402;PR;FAZENDA RIO GRANDE;"R CARLOS TASSO RODRIGUES DA CUNHA SN BLOC; 0";54069145
10766551682;SP;RIO CLARO;AV NIZA MARQUEZ GUARITA SN BLOCO 3;13985940
11367572604;SP;SUZANO;"AV RUA DOS CURI S; S/N BLOCO 3";32136645
10620115201;RS;SANTA CRUZ DO SUL;"AV AV NIZA MARQUEZ GUARITA; 0";69090876
10616596313;AL;MACEIO;R ABILIO MONTEIRO N 4;86929779
10975445219;RS;SAO LEOPOLDO;R CARLOS TASSO RODRIGUES DA CUNHA BLOCO 0;93320663
11378790152;DF;BRASILIA;R ABILIO MONTEIRO 4;36421697
11942729777;PR;FOZ DO IGUACU;R CARLOS TASSO RODRIGUES DA CUNHA BLOCO 0;23450564
10224713179;SP;ADAMANTINA;"AV RUA DOS CURI S; S/N BLOCO 2";45684867
11670946805;PR;LOBATO;AV DOS CURIOS BLOCO 1;91830302
12094239993;MG;UBERABA;AV DOS CURIOS SN BLOCO 1;16766456
11539962836;RJ;NOVA IGUACU;AV DOS CURIOS BLOCO 1;37089820
12099460271;ES;SERRA;"AV RUA DOS CURI S; 0";42078164
11848834438;SE;ITABAIANA;"R OLANDA DERENUSSON SILVEIRA; 0";68905347
10896799184;RS;BOA VISTA DO INCRA;R ABILIO MONTEIRO BLOCO 0;74764192
11366886619;GO;INHUMAS;AV AV NIZA MARQUEZ GUARITA SN BLOCO 0;96396251
10365540122;RN;PARNAMIRIM;"R CARLOS TASSO RODRIGUES DA CUNHA SN BLOC; 0";45562643
12067174506;GO;GOIANIA;"R RUA CARLOS TASSO RODRIGUES DA CUNHA SN; 0";93071534
10192302213;SP;CARAPICUIBA;R ABILIO MONTEIRO 4;86181252
10929808364;MA;PACO DO LUMIAR;AV DOS CURIOS SN BLOCO 2;17554324
10496827767;SP;SANTO ANDRE;"AV RUA DOS CURI S; S/N BLOCO 2";84143004
10440176626;RN;SANTO ANTONIO;"R RUA CARLOS TASSO RODRIGUES DA CUNHA; 0";77073844
11638602655;RS;CAXIAS DO SUL;R TONIQUINHO DOS SANTOS S/N BLOCO 1;36850416
10448130204;SP;MARILIA;"R RUA TONIQUINHO DOS SANTOS; 0";15335846
10643675880;PE;CARUARU;AV RUA DOS CURI S SN BLOCO 2;29665931
11678997208;PR;MARIALVA;R TONIQUINHO DOS SANTOS S/N BLOCO 0;94687707
11111312610;RJ;NITEROI;"R RUA TONIQUINHO DOS SANTOS; 0";24073731
11926037811;RS;DOIS IRMAOS;R RUA ABILIO MONTEIRO N 4;54659325
10305176494;PR;UMUARAMA;R ABILIO MONTEIRO N 4;45344485
11238844282;MA;SAO LUIS;AV AVENIDA DOS CURIOS 5;79533395
10496385239;CE;JUAZEIRO DO NORTE;AV NIZA MARQUEZ GUARITA SN BLOCO 1;37397674
10935659693;SC;BALNEARIO PICARRAS;"R RUA CARLOS TASSO RODRIGUES DA CUNHA SN; 0";38924055
11791383839;PR;UMUARAMA;R TONIQUINHO DOS SANTOS N 1;52541111
10112039453;RS;ESTRELA;"R RUA ABILIO MONTEIRO; 4";15097735
11235469954;SP;PIRACICABA;R TONIQUINHO DOS SANTOS N 1;32334868
11725473228;PR;SAO JOSE DOS PINHAIS;"R RUA CARLOS TASSO RODRIGUES DA CUNHA; 0";12937921
10815163733;PE;JABOATAO DOS GUARARAPES;R ABILIO MONTEIRO N 4;39479420
10236879292;SP;GUARULHOS;R RUA TONIQUINHO DOS SANTOS S/N BLOCO 1;38077201
10019253232;RJ;ITABORAI;"R RUA ABILIO MONTEIRO; 0";60783382
11739739586;SP;CAMPINAS;"AV RUA DOS CURI S; S/N BLOCO 2";54352698
11756810888;PE;PAULISTA;AV AV NIZA MARQUEZ GUARITA SN BLOCO 0;34925877
10962649730;RS;JAGUARAO;"R RUA CARLOS TASSO RODRIGUES DA CUNHA; 0";92273277
11439868624;CE;FORTALEZA;AV AV NIZA MARQUEZ GUARITA SN BLOCO 1;69578973
10009672262;RS;SANTO ANGELO;"R CARLOS TASSO RODRIGUES DA CUNHA SN BLOC; 0";31993891
10447022324;SP;ARACATUBA;"R RUA CARLOS TASSO RODRIGUES DA CUNHA SN; 0";71221556
10599003881;MG;PITANGUI;"R RUA ABILIO MONTEIRO; 4";44145518
10946633554;PR;COLOMBO;"R RUA ABILIO MONTEIRO; 4";25764864
11850800132;SC;JARAGUA DO SUL;"R RUA ABILIO MONTEIRO; 0";57881073
11339541913;RS;PORTO ALEGRE;R TONIQUINHO DOS SANTOS SN BLOCO 0;82952944
11352379142;SP;ITU;"R RUA TONIQUINHO DOS SANTOS; 1";81793771
10404022141;MG;UBERLANDIA;R TONIQUINHO DOS SANTOS N 1;28654099
10861522773;PE;JABOATAO DOS GUARARAPES;R TONIQUINHO DOS SANTOS N 1;47258942
11015152848;RJ;RIO DE JANEIRO;"R RUA TONIQUINHO DOS SANTOS; 0";22814626
11103840853;SP;MOGI DAS CRUZES;R RUA ABILIO MONTEIRO N 4;74079012
11522801546;PA;MARITUBA;"R RUA ABILIO MONTEIRO; 0";78789502
10248097803;RN;CEARA-MIRIM;R ABILIO MONTEIRO N  4;20922731
11617803746;SP;JUNDIAI;"R RUA CARLOS TASSO RODRIGUES DA CUNHA SN; 0";40061396
11699589868;MG;GOVERNADOR VALADARES;R RUA ABILIO MONTEIRO N 4;80000211
11086335230;PE;CABO DE SANTO AGOSTINHO;"R RUA CARLOS TASSO RODRIGUES DA CUNHA SN; 0";87261997
11136948820;SP;SAO PAULO;"R RUA ABILIO MONTEIRO; 0";19233527
10438329189;SP;SAO PAULO;"R RUA ABILIO MONTEIRO; 4";99804913
12021840556;SP;CAMPINAS;"R RUA ABILIO MONTEIRO; 0";43531583
11947835321;SC;JARAGUA DO SUL;R RUA TONIQUINHO DOS SANTOS N 1;34134848
10590597068;SC;JARAGUA DO SUL;"R RUA CARLOS TASSO RODRIGUES DA CUNHA SN; 0";44581182
11708040903;RS;ROLANTE;"R RUA TONIQUINHO DOS SANTOS; 0";35336990
11328187444;PR;CURITIBA;"AV AV AFRANIO DE AXEVEDO; 2";61823231
11345461623;SP;MOCOCA;"R RUA TONIQUINHO DOS SANTOS; 0";64606553
12060982366;GO;VALPARAISO DE GOIAS;"AV AV NIZA MARQUEZ GUARITA; 0";18318154
10475846112;MS;CAMPO GRANDE;"R RUA TONIQUINHO DOS SANTOS; 0";61614371
10716627825;MG;CARMO DO RIO CLARO;"AV RUA DOS CURIOS; 0";84310484
11109071007;SP;JOSE BONIFACIO;"R TONIQUINHO DOS SANTOS; 1";20610244
10850039905;SC;JARAGUA DO SUL;"R RUA ABILIO MONTEIRO; 4";67938823
10069017479;GO;AGUAS LINDAS DE GOIAS;"R RUA TONIQUINHO DOS SANTOS; 1";48049504
11942723692;SP;JUNDIAI;"R CARLOS TASSO RODRIGUES DA CUNHA S/N BLO; 0";69510016
11230339648;CE;FORTALEZA;R ABILIO MONTEIRO 4;30272355
10124843493;SP;MOGI DAS CRUZES;"R RUA  OLANDA DERENUSSON SILVEIRA SN BLO; 0";44170627
11787302479;RS;GRAVATAI;"AV RUA DOS CURI S; S/N BLOCO 2";83852083
11322003512;SP;MIRASSOL;"R RUA  OLANDA DERENUSSON SILVEIRA SN; 0";92901433
10597880416;PR;SAO JOSE DOS PINHAIS;"R RUA  OLANDA DERENUSSON SILVEIRA; 0";21374720
10302132557;SP;BAURU;"R RUA ABILIO MONTEIRO; 0";26354043
10204688646;MG;UBERLANDIA;"R RUA ABILIO MONTEIRO; 0";44686884
11480201782;RS;GRAVATAI;"R RUA ABILIO MONTEIRO; 0";95473830
10919020094;ES;VILA VELHA;"AV RUA DOS CURI S; S/N BLOCO  2";50135709
12108400995;MG;UBERABA;"R RUA CARLOS TASSO RODRIGUES DA CUNHA SN; 0";64887513
10593573755;SP;ADAMANTINA;"R RUA CARLOS TASSO RODRIGUES DA CUNHA; 0";83336333
10274219475;SP;SUMARE;"R CARLOS TASSO RODRIGUES DA CUNHA SN BLOC; 0";48750140
10755148274;MG;UBERLANDIA;"R CARLOS TASSO RODRIGUES DA CUNHA SN BLOC; 0";99703486
10711850751;SE;SAO CRISTOVAO;"R RUA ABILIO MONTEIRO; 4";96273702
11183044499;SC;CHAPECO;"R RUA ABILIO MONTEIRO; 4";62880397
10636941084;SP;CAMPINAS;"R RUA CARLOS TASSO RODRIGUES DA CUNHA SN; 0";32439322
10674436810;RN;MOSSORO;"R RUA ABILIO MONTEIRO; 0";89844703
10575750211;RJ;RIO DE JANEIRO;"R RUA ABILIO MONTEIRO; 4";79559588
11100940196;PB;JOAO PESSOA;"R RUA TONIQUINHO DOS SANTOS; 1";48129094
10013331260;SP;SAO PAULO;"R RUA TONIQUINHO DOS SANTOS; 1";19548777
10335797594;RS;ESTANCIA VELHA;"R RUA CARLOS TASSO RODRIGUES DA CUNHA; 0";13350304
10254512289;MG;UBERLANDIA;SRV R. VL 0;94460430
10975363906;MT;BARRA DO BUGRES;"AV RUA VIA FERREA; 0";61310836
10781467587;RS;PORTO ALEGRE;"AV RUA VIA FERREA SN ACESSO PELA RUA QUIRI; 0";36912814
12124520216;GO;MORRINHOS;AV RUA VIA FERREA SN BL 0;53453875
11971407074;SP;ARACATUBA;"AV RUA VIA FERREA; 0";88289539
10147790877;PE;SAO LOURENCO DA MATA;"AV RUA VIA FERREA ACESSO PELA RUA QUIRINO; 0";69766495
10092552420;BA;FEIRA DE SANTANA;"AV RUA VIA FERREA SN ACESSO PELA RUA QUIRI; 0";10158667
11736957819;RJ;BELFORD ROXO;"AV RUA VIA FERREA SN ACESSO PELA RUA QUIRI; 0";25006730
10016425030;RS;SANTO ANGELO;"AV RUA VIA FERREA S/N ACESSO A RUA QUIRINO; 0";30012198
10008607156;RJ;RIO DE JANEIRO;"AV RUA VIA FERREA; 0";49497027
11912499634;MG;ESMERALDAS;"AV RUA VIA FERREA SN ACESSO COM RUA QUIRI; 0";15690056
11445387737;RJ;MACAE;"AV RUA VIA FERREA ACESSO PELA RUA QUIRINO; 0";25470983
11201649577;SP;SANTO ANDRE;"AV RUA VIA FERREA SN ACESSO PELA RUA QUIR; 0";29051952
10942261977;PR;LONDRINA;"AV RUA VIA FERREA SN ACESSO PELA RUA QUIR; 0";45169621
11387202356;DF;BRASILIA;AV RUA VIA FERREA SN BL 8;22250462
11049571363;RS;BAGE;"AV RUA VIA FERREA SN ACESSO PELA RUA QUIRI; 0";50445139
11145891476;RS;LAJEADO;"AV RUA VIA FERREA SN ACESSO PELA RUA QUIRI; 0";83635657
11194460656;ES;SERRA;AV RUA VIA FERREA S/N BL 0;12004595
11702736145;GO;VALPARAISO DE GOIAS;"AV RUA VIA FERREA ACESSO PELA RUA QUIRINO; 0";24753282
11091051841;DF;BRASILIA;AV RUA VIA FERREA S/N BL 0;85223444
11738133252;SP;SAO PAULO;AV RUA VIA FERREA S/N BL 0;95733947
11797981446;GO;AGUAS LINDAS DE GOIAS;AV RUA VIA FERREA SN BL 0;81016105
11951595752;SP;GUARULHOS;AV RUA VIA FERREA SN BL 0;68274929
11328964672;SE;SAO CRISTOVAO;"AV RUA VIA FERREA SN ACESSO PELA RUA QUIR; 0";71182434
10452964710;PR;MEDIANEIRA;"AV RUA VIA FERREA SN ACESSO PELA RUA QUIR; 0";29077423
10289292702;MS;CAMPO GRANDE;AV RUA VIA FERREA S/N BL 0;39268733
11398753148;MG;NOVA SERRANA;AV RUA VIA FERREA S/N BL 0;24032425
10249019437;PE;IGARASSU;"AV RUA VIA FERREA SN ACESSO PELA RUA QUIRI; 0";94092882
11987449032;PE;BREJO DA MADRE DE DEUS;AV RUA VIA FERREA S/N BL 0;24792280
10075096949;SP;SAO PAULO;"AV RUA VIA FERREA SN ACESSO PELA RUA QUIR; 0";58187285
11926628859;RS;NOVO HAMBURGO;"AV RUA VIA FERREA ACESSO PELA RUA QUIRINO; 0";26888983
11923269654;RS;ALVORADA;AV RUA VIA FERREA SN BL 0;93994771
11450846223;PR;ASSIS CHATEAUBRIAND;AV RUA VIA FERREA S/N BL 0;80974189
11411743655;SP;CAMPINAS;"AV RUA VIA FERREA ACESSO PELA RUA QUIRINO; 0";61221674
10866357716;MG;JUIZ DE FORA;"AV RUA VIA FERREA S/N ACESSO PELA RUA QUIR; 0";49042287
10177465468;SC;JOINVILLE;"AV RUA VIA FERREA SN ACESSO PELA R QUIRINO; 0";63689281
10096181680;MG;BELO HORIZONTE;"AV RUA VIA FERREA SN ACESSO PELA RUA QUIR; 0";83324516
11542890702;CE;PACATUBA;"AV RUA VIA FERREA SN ACESSO PELA RUA QUIR; 0";17599188
10063823898;MG;PASSOS;"AV RUA VIA FERREA ACESSO PELA RUA QUIRINO; 0";54218602
10119411368;GO;GOIANIA;"AV RUA VIA FERREA ACESSO PELA RUA QUIRINO; 0";15897935
10534886027;RS;SANTA MARIA;AV RUA VIA FERREA SN BL 0;42620919
10374496918;PR;MARINGA;"AV RUA VIA FERREA SN ACESSO PELA RUA QUIRI; 0";70420405
10037242964;RS;SANTA MARIA;AV RUA VIA FERREA SN BL 0;12841850
12073870649;GO;GOIANIA;AV RUA VIA FERREA SN BL 0;92338343
10008842544;GO;TRINDADE;AV RUA VIA FERREA S/N BL 0;71954845
10060252819;MG;UBERLANDIA;AV RUA VIA FERREA S/N BL 0;76429377
10624687348;GO;VALPARAISO DE GOIAS;AV RUA VIA FERREA S/N BL 0;49427353
10289079905;SP;RIBEIRAO PRETO;AV RUA VIA FERREA S/N BL 0;92162072
11795727451;MG;CARMO DO RIO CLARO;AV RUA VIA FERREA S/N BL 0;58234497
10465602859;PE;BREJO DA MADRE DE DEUS;AV RUA VIA FERREA SN BL 0;67511512
12081391764;PE;PAULISTA;AV RUA VIA FERREA S/N BL 0;15394145
11548003563;PB;JOAO PESSOA;AV RUA VIA FERREA S/N BL 0;66127569
10249493655;PE;PAULISTA;"AV RUA VIA FERREA SN ACESSO PELA RUA QUIRI; 0";60351138
10523597738;RR;BOA VISTA;AV RUA VIA FERREA SN BL 0;35157784
10410323001;SE;POCO VERDE;AV RUA VIA FERREA S/N BL 0;97850795
11489785580;RN;SAO GONCALO DO AMARANTE;AV RUA VIA FERREA SN BL 0;19049208
12095309936;SP;HORTOLANDIA;AV RUA VIA FERREA S/N BL 0;98899002
10523396148;SP;ILHA SOLTEIRA;AV RUA VIA FERREA SN BL 8;19505748
12117582315;SC;PALHOCA;AV RUA VIA FERREA SN BL 8;58983474
11263474881;MG;CONTAGEM;"AV RUA VIA FERREA ACESSO PELA RUA QUIRINO; 0";97217270
10582820253;SP;ITU;AV RUA VIA FERREA S/N BL 8;70087232
11091807212;MG;PERDIGAO;AV RUA VIA FERREA SN BL 0;48517436
11771079831;ES;SERRA;AV RUA VIA FERREA SN BL 0;92020659
10467830357;SP;DOBRADA;AV RUA VIA FERREA S/N BL 6;41557537
10707067629;SP;SAO PAULO;AV RUA VIA FERREA S/N  BL  0;16333969
10008820553;SP;CAJAMAR;AV RUA VIA FERREA SN BL 0;98010995
11554482116;PE;SAO LOURENCO DA MATA;AV RUA VIA FERRA SN BL 0;14687213
11658001933;SP;ITU;"AV RUA VIA FERREA; 0";67256888
10005329594;RS;CHARQUEADAS;"AV RUA VIA FERREA ACESSO PELA RUA QUIRINO; 0";74638092
11254175108;MT;LUCAS DO RIO VERDE;"AV RUA VIA FERREA SN; 0";60723731
11592231676;GO;SENADOR CANEDO;"AV RUA VIA FERREA SN; 0";22947610
10539454669;MS;DOURADOS;"AV RUA VIA FERREA; 0";89195231
10278758930;MG;SAO GONCALO DO SAPUCAI;"AV RUA VIA FERREA SN ACESSO PELA RUA QUIR; 0";58206793
11220952301;SP;GUARULHOS;AV RUA VIA FERREA S/N BL 0;87390653
11675086193;MT;CUIABA;AV RUA VIA FERREA S/N BL 0;69093015
10268534824;CE;CAUCAIA;AV RUA VIA FERREA S/N BL 0;48757938
11072254755;MG;UBERLANDIA;AV RUA VIA FERREA S/N BL 0;61381884
10543346205;PA;ANANINDEUA;"AV RUA VIA FERREA SN; 0";37961043
10712228099;SC;LAGUNA;"AV RUA VIA FERREA SN; 0";35642119
11422898239;GO;LUZIANIA;AV RUA VIA FERREA S/N BL 0;52431050
11186679628;GO;AGUAS LINDAS DE GOIAS;"AV RUA VIA FERREA; 0";58202747
11864333980;MS;CAMPO GRANDE;AV RUA QUIRINO S/N BL 6;37338181
11843066591;RN;SAO GONCALO DO AMARANTE;AV RUA VIA FERREA SN BL 0;96718467
11826248725;PB;JOAO PESSOA;"AV RUA VIA FERREA; 0";20081596
11282107087;SC;PENHA;AV RUA VIA FERRAEA S/N BL 0;30105033
11908700336;BA;RIBEIRA DO POMBAL;"AV RUA VIA FERREA; 0";48055861
12099582728;PR;TELEMACO BORBA;"AV RUA VIA FERREA SN; 0";59689643
11561003176;AL;MARIBONDO;"AV RUA VIA FERREA S N; 0";37242489
11914237412;GO;GOIANIA;AV RUA VIA FERREA S/N BL 0;12177967
10711782177;RJ;RIO DE JANEIRO;AV RUA VIA FERREA S/N BL 0;44256891
11976456136;MT;AGUA BOA;"AV RUA VIA FERREA SN; 0";85806605
12125263506;GO;LUZIANIA;"AV RUA VIA FERREA SN; 0";82507714
11201386082;RJ;MARICA;AV RUA VIA FERREA SN BL 0;20168895
12097001017;SP;SAO PAULO;AV RUA VIA FERREA S/N BL 0;24775533
11457080949;SC;CRICIUMA;"AV RUA VIA FERREA SN; 0";49376624
10416721810;MA;TIMON;"AV RUA VIA FERREA SN; 0";36338830
11643793169;PA;ANANINDEUA;AV RUA VIA FERREA S/N BL 8;69485159
10582079190;GO;ANAPOLIS;"AV RUA VIA FERREA S N; BLOCO 2";62362457
11987154754;PR;CASTRO;"AV RUA VIA FERREA SN ACESSO PELA RUA QUIRI; 0";41790224
12144574784;SP;IRAPUA;AV RUA VIA FERREA SN BL 0;33392618
10316873627;PE;PAULISTA;AV RUA VIA FERREA SN BL 0;88756216
12028459796;RN;CEARA-MIRIM;"AV RUA VIA FERREA SN ACESSO PELA RUA QUIR; 0";91637578
11483883362;PR;ARAUCARIA;AV RUA VIA FERREA S N BL 0;62019923
10513946519;ES;MONTANHA;AV RUA VIA FERREA S N BL 0;93431295
11462762383;MG;UBERLANDIA;AV RUA VIA FERREA SN BL 0;86352861
10656610029;SP;AGUAI;"AV RUA VIA FERREA SN; 0";64844768
11332779429;SP;PENAPOLIS;AV RUA VIA FERREA S/N BL 4;58383451
10585488862;MG;SETE LAGOAS;AV RUA VIA FERREA S N BL 0;62293612
11249135277;ES;NOVA VENECIA;AV RUA VIA FERREA S N BL 0;55836693
11008401119;SC;JOINVILLE;AV RUA VIA FERREA S/N BL 0;29398762
11452502601;MG;MONTES CLAROS;AV RUA VIA FERREA S/N BL 0;24065649
12094856129;TO;PALMAS;AV RUA VIA FERREA S/N BL 2;20419934
11144366857;SP;SUMARE;"AV RUA VIA FERREA; 0";19486743
12014132440;RN;SAO JOSE DE MIPIBU;AV RUA VIA FERREA S/N BL 0;50428378
10964459393;PB;SANTA RITA;AV RUA VIA FERREA S/N BL 0;82568849
11224907257;SC;INDAIAL;AV RUA VIA FERREA S/N BL 7;37436926
10633323025;GO;SENADOR CANEDO;AV RUA VIA FERREA S/N BL 7;22092815
10434175289;SP;PRAIA GRANDE;"AV RIA VIA FERREA; 0";17095323
11726317327;GO;GOIANIA;AV RUA VIA FERREA S/N BLOCO 7;15511514
11945579951;MG;NOVA LIMA;"AV RUA VIA FERREA; 0";87541982
11836318571;GO;MORRINHOS;AV RUA VIA FERREA S/N BL 0;35561047
11081691529;PI;TERESINA;"AV RUA VIA FERREA SN ACESSO PELA RUA QUIR; 0";14351100
11947682783;RR;BOA VISTA;AV RUA VIA FERREA S/N BL 0;55944772
11997558432;ES;BAIXO GUANDU;"AV RUA VIA FERREA SN ACESSO PELA RUA QUIR; 0";36496195
10774851385;PB;ALHANDRA;AV RUA VIA FERREA S/N BL 0;22208009
11823754332;SP;LEME;"AV RUA VIA FERREA SN ACESSO PELA RUA QUIR; 0";93421909
11941410975;RS;PELOTAS;AV RUA VIA FERREA S/N BL 0;40613147
10761576242;MT;RONDONOPOLIS;"AV RUA FERREA SN ACESSO PELA RUA QUIRINO; 0";86838647
11902344472;SP;FRANCA;AV RUA VIA FERREA S/N BL 0;29692916
10191556369;PI;TERESINA;AV RUA VIA FERREA S/N BL 0;10690137
11618936446;SP;BARUERI;"AV RUA VIA FERREA SN; 0";52400959
11127066686;SP;SUZANO;AV RUA VIA FERREA SN BL 0;32564880
11763122548;SP;BARIRI;"AV RUA VIA FERREA SN ACESSO PELA RUA  QUIR; 0";74842672
10287863647;MT;RONDONOPOLIS;"AV RUA VIA FERREA SN ACESSO PELA RUA QUIRI; 0";85265765
10410392414;GO;IPORA;AV RUA VIA FERREA SN BL 0;14341049
10769438033;RJ;RIO DE JANEIRO;"AV RUA VIA FERREA; 0";23856522
12106435530;RS;FARROUPILHA;AV RUA VIA FERREA S/N BL 0;67920281
10870016676;MG;BETIM;"AV RUA VIA FERREA SN ACESSO PELA RUA QUIR; 0";68731429
10441774147;RS;BAGE;AV RUA VIA FERREA SN BL 0;91811364
10937533913;PI;OEIRAS;AV RUA VIA FERREA S N BL 0;31571556
11449698939;PE;PETROLINA;AV RUA VIA FERREA S N BL 7;73164776
11044268932;PI;TERESINA;"AV RUA VIA FERREA; 0";26451329
10768404170;SP;CARAPICUIBA;AV RUA VIA FERREA SN BL 0;36742916
10621549617;PR;FAZENDA RIO GRANDE;"AV RUA VIA FERREA; 0";60677048
